Time & Hour,end_year,end_month,end_date,end_day,end_hour_UTC,end_hour_PST,number_of_streams,total_time_played_ms,total_time_played_h,average_ms_played,average_min_played
2025-4-17-Thursday-19-11,2025,4,17,Thursday,19,11,1,140543,00:02:21,140543,00:02:21
2025-4-18-Friday-15-7,2025,4,18,Friday,15,7,14,2317668,00:38:38,165547.71,00:02:46
2025-4-18-Friday-16-8,2025,4,18,Friday,16,8,19,3582198,00:59:42,188536.74,00:03:09
2025-4-18-Friday-17-9,2025,4,18,Friday,17,9,19,3709003,01:01:49,195210.68,00:03:15
2025-4-18-Friday-18-10,2025,4,18,Friday,18,10,19,3530449,00:58:50,185813.11,00:03:06
2025-4-18-Friday-19-11,2025,4,18,Friday,19,11,19,3573644,00:59:34,188086.53,00:03:08
2025-4-18-Friday-20-12,2025,4,18,Friday,20,12,20,3669942,01:01:10,183497.1,00:03:03
2025-4-18-Friday-21-13,2025,4,18,Friday,21,13,20,3609933,01:00:10,180496.65,00:03:00
2025-4-18-Friday-22-14,2025,4,18,Friday,22,14,6,965015,00:16:05,160835.83,00:02:41
2025-4-19-Saturday-13-5,2025,4,19,Saturday,13,5,5,801399,00:13:21,160279.8,00:02:40
2025-4-19-Saturday-14-6,2025,4,19,Saturday,14,6,5,865002,00:14:25,173000.4,00:02:53
2025-4-20-Sunday-13-5,2025,4,20,Sunday,13,5,2,210744,00:03:31,105372,00:01:45
2025-4-20-Sunday-14-6,2025,4,20,Sunday,14,6,19,3573533,00:59:34,188080.68,00:03:08
2025-4-20-Sunday-15-7,2025,4,20,Sunday,15,7,19,3694976,01:01:35,194472.42,00:03:14
2025-4-20-Sunday-16-8,2025,4,20,Sunday,16,8,19,3569015,00:59:29,187842.89,00:03:08
2025-4-20-Sunday-17-9,2025,4,20,Sunday,17,9,19,3583550,00:59:44,188607.89,00:03:09
2025-4-20-Sunday-18-10,2025,4,20,Sunday,18,10,19,3620616,01:00:21,190558.74,00:03:11
2025-4-20-Sunday-19-11,2025,4,20,Sunday,19,11,19,3633485,01:00:33,191236.05,00:03:11
2025-4-20-Sunday-20-12,2025,4,20,Sunday,20,12,4,611102,00:10:11,152775.5,00:02:33
2025-4-21-Monday-14-6,2025,4,21,Monday,14,6,4,367106,00:06:07,91776.5,00:01:32
2025-4-21-Monday-15-7,2025,4,21,Monday,15,7,12,2029983,00:33:50,169165.25,00:02:49
2025-4-21-Monday-16-8,2025,4,21,Monday,16,8,2,262996,00:04:23,131498,00:02:11
2025-4-21-Monday-17-9,2025,4,21,Monday,17,9,18,3483180,00:58:03,193510,00:03:14
2025-4-21-Monday-18-10,2025,4,21,Monday,18,10,19,3663669,01:01:04,192824.68,00:03:13
2025-4-21-Monday-19-11,2025,4,21,Monday,19,11,19,3531702,00:58:52,185879.05,00:03:06
2025-4-21-Monday-20-12,2025,4,21,Monday,20,12,19,3582158,00:59:42,188534.63,00:03:09
2025-4-21-Monday-21-13,2025,4,21,Monday,21,13,21,3273992,00:54:34,155904.38,00:02:36
2025-4-22-Tuesday-13-5,2025,4,22,Tuesday,13,5,9,1524984,00:25:25,169442.67,00:02:49
2025-4-22-Tuesday-14-6,2025,4,22,Tuesday,14,6,1,5758,00:00:06,5758,00:00:06
2025-4-22-Tuesday-16-8,2025,4,22,Tuesday,16,8,3,349446,00:05:49,116482,00:01:56
2025-4-22-Tuesday-20-12,2025,4,22,Tuesday,20,12,2,142266,00:02:22,71133,00:01:11
2025-4-22-Tuesday-23-15,2025,4,22,Tuesday,23,15,11,1758816,00:29:19,159892.36,00:02:40
2025-4-23-Wednesday-15-7,2025,4,23,Wednesday,15,7,13,2389944,00:39:50,183841.85,00:03:04
2025-4-23-Wednesday-16-8,2025,4,23,Wednesday,16,8,19,3675776,01:01:16,193461.89,00:03:13
2025-4-23-Wednesday-17-9,2025,4,23,Wednesday,17,9,18,3554378,00:59:14,197465.44,00:03:17
2025-4-23-Wednesday-18-10,2025,4,23,Wednesday,18,10,20,3586234,00:59:46,179311.7,00:02:59
2025-4-23-Wednesday-19-11,2025,4,23,Wednesday,19,11,19,3687005,01:01:27,194052.89,00:03:14
2025-4-23-Wednesday-20-12,2025,4,23,Wednesday,20,12,18,3544552,00:59:05,196919.56,00:03:17
2025-4-23-Wednesday-21-13,2025,4,23,Wednesday,21,13,16,2773426,00:46:13,173339.13,00:02:53
2025-4-24-Thursday-15-7,2025,4,24,Thursday,15,7,16,2929798,00:48:50,183112.38,00:03:03
2025-4-24-Thursday-16-8,2025,4,24,Thursday,16,8,19,3708977,01:01:49,195209.32,00:03:15
2025-4-24-Thursday-17-9,2025,4,24,Thursday,17,9,19,3530306,00:58:50,185805.58,00:03:06
2025-4-24-Thursday-18-10,2025,4,24,Thursday,18,10,19,3573498,00:59:33,188078.84,00:03:08
2025-4-24-Thursday-19-11,2025,4,24,Thursday,19,11,19,3694762,01:01:35,194461.16,00:03:14
2025-4-24-Thursday-20-12,2025,4,24,Thursday,20,12,20,3586798,00:59:47,179339.9,00:02:59
2025-4-24-Thursday-21-13,2025,4,24,Thursday,21,13,18,3361507,00:56:02,186750.39,00:03:07
2025-4-25-Friday-15-7,2025,4,25,Friday,15,7,15,2709928,00:45:10,180661.87,00:03:01
2025-4-25-Friday-16-8,2025,4,25,Friday,16,8,18,3554386,00:59:14,197465.89,00:03:17
2025-4-25-Friday-17-9,2025,4,25,Friday,17,9,20,3586304,00:59:46,179315.2,00:02:59
2025-4-25-Friday-18-10,2025,4,25,Friday,18,10,19,3686919,01:01:27,194048.37,00:03:14
2025-4-25-Friday-19-11,2025,4,25,Friday,19,11,19,3544863,00:59:05,186571.74,00:03:07
2025-4-26-Saturday-17-9,2025,4,26,Saturday,17,9,17,2815323,00:46:55,165607.24,00:02:46
2025-4-26-Saturday-18-10,2025,4,26,Saturday,18,10,19,3674867,01:01:15,193414.05,00:03:13
2025-4-26-Saturday-19-11,2025,4,26,Saturday,19,11,18,3488562,00:58:09,193809,00:03:14
2025-4-26-Saturday-20-12,2025,4,26,Saturday,20,12,20,3663255,01:01:03,183162.75,00:03:03
2025-4-26-Saturday-21-13,2025,4,26,Saturday,21,13,18,3291174,00:54:51,182843,00:03:03
2025-4-27-Sunday-19-11,2025,4,27,Sunday,19,11,1,162051,00:02:42,162051,00:02:42
2025-4-27-Sunday-20-12,2025,4,27,Sunday,20,12,5,746530,00:12:27,149306,00:02:29
2025-4-28-Monday-13-5,2025,4,28,Monday,13,5,7,1410435,00:23:30,201490.71,00:03:21
2025-4-28-Monday-15-7,2025,4,28,Monday,15,7,5,932587,00:15:33,186517.4,00:03:07
2025-4-28-Monday-16-8,2025,4,28,Monday,16,8,18,3530895,00:58:51,196160.83,00:03:16
2025-4-28-Monday-17-9,2025,4,28,Monday,17,9,20,3639763,01:00:40,181988.15,00:03:02
2025-4-28-Monday-18-10,2025,4,28,Monday,18,10,18,3478211,00:57:58,193233.94,00:03:13
2025-4-28-Monday-19-11,2025,4,28,Monday,19,11,19,3696220,01:01:36,194537.89,00:03:15
2025-4-28-Monday-20-12,2025,4,28,Monday,20,12,20,3641156,01:00:41,182057.8,00:03:02
2025-4-28-Monday-21-13,2025,4,28,Monday,21,13,17,3236147,00:53:56,190361.59,00:03:10
2025-4-29-Tuesday-18-10,2025,4,29,Tuesday,18,10,18,3322228,00:55:22,184568.22,00:03:05
2025-4-29-Tuesday-19-11,2025,4,29,Tuesday,19,11,19,3569014,00:59:29,187842.84,00:03:08
2025-4-29-Tuesday-20-12,2025,4,29,Tuesday,20,12,19,3583558,00:59:44,188608.32,00:03:09
2025-4-29-Tuesday-21-13,2025,4,29,Tuesday,21,13,19,3620462,01:00:20,190550.63,00:03:11
2025-4-29-Tuesday-22-14,2025,4,29,Tuesday,22,14,7,1344284,00:22:24,192040.57,00:03:12
2025-4-30-Wednesday-2-18,2025,4,30,Wednesday,2,18,1,618,00:00:01,618,00:00:01
2025-4-30-Wednesday-14-6,2025,4,30,Wednesday,14,6,2,291045,00:04:51,145522.5,00:02:26
2025-4-30-Wednesday-15-7,2025,4,30,Wednesday,15,7,20,3594525,00:59:55,179726.25,00:03:00
2025-4-30-Wednesday-16-8,2025,4,30,Wednesday,16,8,19,3699973,01:01:40,194735.42,00:03:15
2025-4-30-Wednesday-17-9,2025,4,30,Wednesday,17,9,18,3527825,00:58:48,195990.28,00:03:16
2025-4-30-Wednesday-18-10,2025,4,30,Wednesday,18,10,20,3592759,00:59:53,179637.95,00:03:00
2025-4-30-Wednesday-19-11,2025,4,30,Wednesday,19,11,15,2774297,00:46:14,184953.13,00:03:05
2025-4-30-Wednesday-22-14,2025,4,30,Wednesday,22,14,13,1868896,00:31:09,143761.23,00:02:24
2025-5-1-Thursday-14-6,2025,5,1,Thursday,14,6,6,732448,00:12:12,122074.67,00:02:02
2025-5-1-Thursday-16-8,2025,5,1,Thursday,16,8,12,2248472,00:37:28,187372.67,00:03:07
2025-5-1-Thursday-17-9,2025,5,1,Thursday,17,9,18,3609572,01:00:10,200531.78,00:03:21
2025-5-1-Thursday-18-10,2025,5,1,Thursday,18,10,20,3574082,00:59:34,178704.1,00:02:59
2025-5-1-Thursday-19-11,2025,5,1,Thursday,19,11,19,3661548,01:01:02,192713.05,00:03:13
2025-5-1-Thursday-20-12,2025,5,1,Thursday,20,12,18,3555130,00:59:15,197507.22,00:03:18
2025-5-1-Thursday-21-13,2025,5,1,Thursday,21,13,21,3596840,00:59:57,171278.1,00:02:51
2025-5-2-Friday-15-7,2025,5,2,Friday,15,7,16,2812704,00:46:53,175794,00:02:56
2025-5-2-Friday-16-8,2025,5,2,Friday,16,8,18,3476142,00:57:56,193119,00:03:13
2025-5-2-Friday-17-9,2025,5,2,Friday,17,9,19,3687220,01:01:27,194064.21,00:03:14
2025-5-2-Friday-18-10,2025,5,2,Friday,18,10,19,3516132,00:58:36,185059.58,00:03:05
2025-5-2-Friday-19-11,2025,5,2,Friday,19,11,19,3630163,01:00:30,191061.21,00:03:11
2025-5-2-Friday-20-12,2025,5,2,Friday,20,12,19,3663622,01:01:04,192822.21,00:03:13
2025-5-2-Friday-21-13,2025,5,2,Friday,21,13,20,3563996,00:59:24,178199.8,00:02:58
2025-5-4-Sunday-4-20,2025,5,4,Sunday,4,20,2,234300,00:03:54,117150,00:01:57
2025-5-4-Sunday-13-5,2025,5,4,Sunday,13,5,1,198733,00:03:19,198733,00:03:19
2025-5-4-Sunday-14-6,2025,5,4,Sunday,14,6,6,786463,00:13:06,131077.17,00:02:11
2025-5-4-Sunday-16-8,2025,5,4,Sunday,16,8,1,185705,00:03:06,185705,00:03:06
2025-5-4-Sunday-17-9,2025,5,4,Sunday,17,9,9,1495356,00:24:55,166150.67,00:02:46
2025-5-5-Monday-15-7,2025,5,5,Monday,15,7,18,3350587,00:55:51,186143.72,00:03:06
2025-5-5-Monday-16-8,2025,5,5,Monday,16,8,19,3694812,01:01:35,194463.79,00:03:14
2025-5-5-Monday-17-9,2025,5,5,Monday,17,9,19,3568979,00:59:29,187841,00:03:08
2025-5-5-Monday-18-10,2025,5,5,Monday,18,10,19,3583505,00:59:44,188605.53,00:03:09
2025-5-5-Monday-19-11,2025,5,5,Monday,19,11,19,3620482,01:00:20,190551.68,00:03:11
2025-5-5-Monday-20-12,2025,5,5,Monday,20,12,19,3633389,01:00:33,191231,00:03:11
2025-5-5-Monday-21-13,2025,5,5,Monday,21,13,9,1364928,00:22:45,151658.67,00:02:32
2025-5-6-Tuesday-18-10,2025,5,6,Tuesday,18,10,10,1797802,00:29:58,179780.2,00:03:00
2025-5-6-Tuesday-19-11,2025,5,6,Tuesday,19,11,1,70703,00:01:11,70703,00:01:11
2025-5-6-Tuesday-20-12,2025,5,6,Tuesday,20,12,16,2799928,00:46:40,174995.5,00:02:55
2025-5-6-Tuesday-21-13,2025,5,6,Tuesday,21,13,8,1438134,00:23:58,179766.75,00:03:00
2025-5-8-Thursday-13-5,2025,5,8,Thursday,13,5,4,608055,00:10:08,152013.75,00:02:32
2025-5-8-Thursday-14-6,2025,5,8,Thursday,14,6,4,609238,00:10:09,152309.5,00:02:32
2025-5-8-Thursday-15-7,2025,5,8,Thursday,15,7,17,3198271,00:53:18,188133.59,00:03:08
2025-5-8-Thursday-16-8,2025,5,8,Thursday,16,8,18,3563034,00:59:23,197946.33,00:03:18
2025-5-8-Thursday-17-9,2025,5,8,Thursday,17,9,20,3535162,00:58:55,176758.1,00:02:57
2025-5-8-Thursday-18-10,2025,5,8,Thursday,18,10,19,3724043,01:02:04,196002.26,00:03:16
2025-5-8-Thursday-19-11,2025,5,8,Thursday,19,11,18,3508191,00:58:28,194899.5,00:03:15
2025-5-8-Thursday-20-12,2025,5,8,Thursday,20,12,20,3594722,00:59:55,179736.1,00:03:00
2025-5-8-Thursday-21-13,2025,5,8,Thursday,21,13,9,1669630,00:27:50,185514.44,00:03:06
2025-5-9-Friday-15-7,2025,5,9,Friday,15,7,15,2805407,00:46:45,187027.13,00:03:07
2025-5-9-Friday-16-8,2025,5,9,Friday,16,8,18,3554314,00:59:14,197461.89,00:03:17
2025-5-9-Friday-17-9,2025,5,9,Friday,17,9,20,3586349,00:59:46,179317.45,00:02:59
2025-5-9-Friday-18-10,2025,5,9,Friday,18,10,19,3687091,01:01:27,194057.42,00:03:14
2025-5-9-Friday-19-11,2025,5,9,Friday,19,11,18,3544548,00:59:05,196919.33,00:03:17
2025-5-9-Friday-20-12,2025,5,9,Friday,20,12,20,3581828,00:59:42,179091.4,00:02:59
2025-5-9-Friday-21-13,2025,5,9,Friday,21,13,19,3694770,01:01:35,194461.58,00:03:14
2025-5-9-Friday-22-14,2025,5,9,Friday,22,14,18,3318137,00:55:18,184340.94,00:03:04
2025-5-9-Friday-23-15,2025,5,9,Friday,23,15,7,1045321,00:17:25,149331.57,00:02:29
2025-5-11-Sunday-19-11,2025,5,11,Sunday,19,11,4,566913,00:09:27,141728.25,00:02:22
2025-5-12-Monday-15-7,2025,5,12,Monday,15,7,3,393094,00:06:33,131031.33,00:02:11
2025-5-12-Monday-16-8,2025,5,12,Monday,16,8,19,3583687,00:59:44,188615.11,00:03:09
2025-5-12-Monday-17-9,2025,5,12,Monday,17,9,19,3620618,01:00:21,190558.84,00:03:11
2025-5-12-Monday-18-10,2025,5,12,Monday,18,10,18,3454126,00:57:34,191895.89,00:03:12
2025-5-12-Monday-19-11,2025,5,12,Monday,19,11,20,3749327,01:02:29,187466.35,00:03:07
2025-5-12-Monday-20-12,2025,5,12,Monday,20,12,18,3489449,00:58:09,193858.28,00:03:14
2025-5-12-Monday-21-13,2025,5,12,Monday,21,13,5,796959,00:13:17,159391.8,00:02:39
2025-5-13-Tuesday-18-10,2025,5,13,Tuesday,18,10,5,968343,00:16:08,193668.6,00:03:14
2025-5-13-Tuesday-19-11,2025,5,13,Tuesday,19,11,20,3592837,00:59:53,179641.85,00:03:00
2025-5-13-Tuesday-20-12,2025,5,13,Tuesday,20,12,19,3693029,01:01:33,194369.95,00:03:14
2025-5-13-Tuesday-21-13,2025,5,13,Tuesday,21,13,18,3531084,00:58:51,196171.33,00:03:16
2025-5-13-Tuesday-22-14,2025,5,13,Tuesday,22,14,12,2092950,00:34:53,174412.5,00:02:54
2025-5-14-Wednesday-15-7,2025,5,14,Wednesday,15,7,17,3081858,00:51:22,181285.76,00:03:01
2025-5-14-Wednesday-16-8,2025,5,14,Wednesday,16,8,19,3636811,01:00:37,191411.11,00:03:11
2025-5-14-Wednesday-17-9,2025,5,14,Wednesday,17,9,18,3538478,00:58:58,196582.11,00:03:17
2025-5-14-Wednesday-18-10,2025,5,14,Wednesday,18,10,20,3586304,00:59:46,179315.2,00:02:59
2025-5-14-Wednesday-19-11,2025,5,14,Wednesday,19,11,18,3496024,00:58:16,194223.56,00:03:14
2025-5-14-Wednesday-20-12,2025,5,14,Wednesday,20,12,12,2164501,00:36:05,180375.08,00:03:00
2025-5-15-Thursday-14-6,2025,5,15,Thursday,14,6,13,2010829,00:33:31,154679.15,00:02:35
2025-5-15-Thursday-16-8,2025,5,15,Thursday,16,8,14,2662855,00:44:23,190203.93,00:03:10
2025-5-15-Thursday-17-9,2025,5,15,Thursday,17,9,20,3683009,01:01:23,184150.45,00:03:04
2025-5-15-Thursday-18-10,2025,5,15,Thursday,18,10,19,3625332,01:00:25,190806.95,00:03:11
2025-5-15-Thursday-19-11,2025,5,15,Thursday,19,11,18,3530140,00:58:50,196118.89,00:03:16
2025-5-15-Thursday-20-12,2025,5,15,Thursday,20,12,20,3662238,01:01:02,183111.9,00:03:03
2025-5-15-Thursday-21-13,2025,5,15,Thursday,21,13,18,3428105,00:57:08,190450.28,00:03:10
2025-5-15-Thursday-22-14,2025,5,15,Thursday,22,14,19,3758848,01:02:39,197834.11,00:03:18
2025-5-15-Thursday-23-15,2025,5,15,Thursday,23,15,10,1647019,00:27:27,164701.9,00:02:45
2025-5-16-Friday-14-6,2025,5,16,Friday,14,6,5,896217,00:14:56,179243.4,00:02:59
2025-5-16-Friday-15-7,2025,5,16,Friday,15,7,18,3501559,00:58:22,194531.06,00:03:15
2025-5-16-Friday-16-8,2025,5,16,Friday,16,8,18,3530831,00:58:51,196157.28,00:03:16
2025-5-16-Friday-17-9,2025,5,16,Friday,17,9,20,3639736,01:00:40,181986.8,00:03:02
2025-5-16-Friday-18-10,2025,5,16,Friday,18,10,19,3659367,01:00:59,192598.26,00:03:13
2025-5-16-Friday-19-11,2025,5,16,Friday,19,11,18,3515136,00:58:35,195285.33,00:03:15
2025-5-16-Friday-20-12,2025,5,16,Friday,20,12,20,3641039,01:00:41,182051.95,00:03:02
2025-5-16-Friday-21-13,2025,5,16,Friday,21,13,11,2014337,00:33:34,183121.55,00:03:03
2025-5-19-Monday-13-5,2025,5,19,Monday,13,5,3,385989,00:06:26,128663,00:02:09
2025-5-19-Monday-14-6,2025,5,19,Monday,14,6,8,1342227,00:22:22,167778.38,00:02:48
2025-5-19-Monday-17-9,2025,5,19,Monday,17,9,3,495918,00:08:16,165306,00:02:45
2025-5-19-Monday-18-10,2025,5,19,Monday,18,10,19,3674175,01:01:14,193377.63,00:03:13
2025-5-19-Monday-19-11,2025,5,19,Monday,19,11,9,1720628,00:28:41,191180.89,00:03:11
2025-5-20-Tuesday-17-9,2025,5,20,Tuesday,17,9,17,3125241,00:52:05,183837.71,00:03:04
2025-5-20-Tuesday-18-10,2025,5,20,Tuesday,18,10,20,3618697,01:00:19,180934.85,00:03:01
2025-5-20-Tuesday-19-11,2025,5,20,Tuesday,19,11,16,2844638,00:47:25,177789.88,00:02:58
2025-5-20-Tuesday-20-12,2025,5,20,Tuesday,20,12,18,3221743,00:53:42,178985.72,00:02:59
2025-5-20-Tuesday-21-13,2025,5,20,Tuesday,21,13,6,1055899,00:17:36,175983.17,00:02:56
2025-5-21-Wednesday-16-8,2025,5,21,Wednesday,16,8,13,2435356,00:40:35,187335.08,00:03:07
2025-5-21-Wednesday-17-9,2025,5,21,Wednesday,17,9,19,3738881,01:02:19,196783.21,00:03:17
2025-5-21-Wednesday-18-10,2025,5,21,Wednesday,18,10,20,3586379,00:59:46,179318.95,00:02:59
2025-5-21-Wednesday-19-11,2025,5,21,Wednesday,19,11,18,3496056,00:58:16,194225.33,00:03:14
2025-5-21-Wednesday-20-12,2025,5,21,Wednesday,20,12,5,813670,00:13:34,162734,00:02:43
2025-5-22-Thursday-14-6,2025,5,22,Thursday,14,6,14,2317350,00:38:37,165525,00:02:46
2025-5-22-Thursday-17-9,2025,5,22,Thursday,17,9,19,3353300,00:55:53,176489.47,00:02:56
2025-5-22-Thursday-18-10,2025,5,22,Thursday,18,10,20,3618837,01:00:19,180941.85,00:03:01
2025-5-22-Thursday-19-11,2025,5,22,Thursday,19,11,20,3591094,00:59:51,179554.7,00:03:00
2025-5-23-Friday-16-8,2025,5,23,Friday,16,8,8,1334809,00:22:15,166851.13,00:02:47
2025-5-23-Friday-17-9,2025,5,23,Friday,17,9,19,3585342,00:59:45,188702.21,00:03:09
2025-5-23-Friday-18-10,2025,5,23,Friday,18,10,2,263376,00:04:23,131688,00:02:12
2025-5-24-Saturday-16-8,2025,5,24,Saturday,16,8,11,1582125,00:26:22,143829.55,00:02:24
2025-5-24-Saturday-17-9,2025,5,24,Saturday,17,9,1,160729,00:02:41,160729,00:02:41
2025-5-24-Saturday-18-10,2025,5,24,Saturday,18,10,14,1538158,00:25:38,109868.43,00:01:50
2025-5-26-Monday-4-20,2025,5,26,Monday,4,20,7,515733,00:08:36,73676.14,00:01:14
2025-5-26-Monday-5-21,2025,5,26,Monday,5,21,5,604300,00:10:04,120860,00:02:01
2025-5-26-Monday-13-5,2025,5,26,Monday,13,5,5,770030,00:12:50,154006,00:02:34
2025-5-26-Monday-14-6,2025,5,26,Monday,14,6,8,1370804,00:22:51,171350.5,00:02:51
2025-5-27-Tuesday-17-9,2025,5,27,Tuesday,17,9,7,1305981,00:21:46,186568.71,00:03:07
2025-5-27-Tuesday-18-10,2025,5,27,Tuesday,18,10,1,167922,00:02:48,167922,00:02:48
2025-5-27-Tuesday-19-11,2025,5,27,Tuesday,19,11,11,2057688,00:34:18,187062.55,00:03:07
2025-5-27-Tuesday-21-13,2025,5,27,Tuesday,21,13,11,1835058,00:30:35,166823.45,00:02:47
2025-5-28-Wednesday-14-6,2025,5,28,Wednesday,14,6,12,2254074,00:37:34,187839.5,00:03:08
2025-5-28-Wednesday-15-7,2025,5,28,Wednesday,15,7,1,115126,00:01:55,115126,00:01:55
2025-5-28-Wednesday-17-9,2025,5,28,Wednesday,17,9,7,1305981,00:21:46,186568.71,00:03:07
2025-5-28-Wednesday-18-10,2025,5,28,Wednesday,18,10,9,1603267,00:26:43,178140.78,00:02:58
2025-5-28-Wednesday-22-14,2025,5,28,Wednesday,22,14,4,768864,00:12:49,192216,00:03:12
2025-5-28-Wednesday-23-15,2025,5,28,Wednesday,23,15,11,1932935,00:32:13,175721.36,00:02:56
2025-5-29-Thursday-6-22,2025,5,29,Thursday,6,22,2,216445,00:03:36,108222.5,00:01:48
2025-5-29-Thursday-7-23,2025,5,29,Thursday,7,23,17,3082311,00:51:22,181312.41,00:03:01
2025-5-29-Thursday-8-0,2025,5,29,Thursday,8,0,9,1537911,00:25:38,170879,00:02:51
2025-5-29-Thursday-9-1,2025,5,29,Thursday,9,1,19,3539618,00:59:00,186295.68,00:03:06
2025-5-29-Thursday-10-2,2025,5,29,Thursday,10,2,19,3570637,00:59:31,187928.26,00:03:08
2025-5-29-Thursday-11-3,2025,5,29,Thursday,11,3,20,3646703,01:00:47,182335.15,00:03:02
2025-5-29-Thursday-12-4,2025,5,29,Thursday,12,4,19,3586284,00:59:46,188751.79,00:03:09
2025-5-29-Thursday-13-5,2025,5,29,Thursday,13,5,8,1284903,00:21:25,160612.88,00:02:41
2025-5-29-Thursday-14-6,2025,5,29,Thursday,14,6,5,893175,00:14:53,178635,00:02:59
2025-5-29-Thursday-15-7,2025,5,29,Thursday,15,7,7,1305981,00:21:46,186568.71,00:03:07
2025-5-29-Thursday-21-13,2025,5,29,Thursday,21,13,4,751685,00:12:32,187921.25,00:03:08
2025-5-29-Thursday-22-14,2025,5,29,Thursday,22,14,8,1409127,00:23:29,176140.88,00:02:56
2025-5-29-Thursday-23-15,2025,5,29,Thursday,23,15,11,1952576,00:32:33,177506.91,00:02:58
2025-5-30-Friday-0-16,2025,5,30,Friday,0,16,8,1368820,00:22:49,171102.5,00:02:51
2025-5-30-Friday-1-17,2025,5,30,Friday,1,17,6,912886,00:15:13,152147.67,00:02:32
2025-5-30-Friday-4-20,2025,5,30,Friday,4,20,10,1869171,00:31:09,186917.1,00:03:07
2025-5-30-Friday-5-21,2025,5,30,Friday,5,21,19,3499638,00:58:20,184191.47,00:03:04
2025-5-30-Friday-6-22,2025,5,30,Friday,6,22,20,3740490,01:02:20,187024.5,00:03:07
2025-5-30-Friday-7-23,2025,5,30,Friday,7,23,11,1865119,00:31:05,169556.27,00:02:50
2025-5-30-Friday-8-0,2025,5,30,Friday,8,0,14,2604841,00:43:25,186060.07,00:03:06
2025-5-30-Friday-9-1,2025,5,30,Friday,9,1,19,3536266,00:58:56,186119.26,00:03:06
2025-5-30-Friday-10-2,2025,5,30,Friday,10,2,19,3497896,00:58:18,184099.79,00:03:04
2025-5-30-Friday-11-3,2025,5,30,Friday,11,3,20,3750828,01:02:31,187541.4,00:03:08
2025-5-30-Friday-12-4,2025,5,30,Friday,12,4,19,3501865,00:58:22,184308.68,00:03:04
2025-5-30-Friday-13-5,2025,5,30,Friday,13,5,12,2133015,00:35:33,177751.25,00:02:58
2025-5-30-Friday-15-7,2025,5,30,Friday,15,7,16,2938231,00:48:58,183639.44,00:03:04
2025-5-30-Friday-16-8,2025,5,30,Friday,16,8,2,263662,00:04:24,131831,00:02:12
2025-5-30-Friday-20-12,2025,5,30,Friday,20,12,6,565985,00:09:26,94330.83,00:01:34
2025-5-30-Friday-21-13,2025,5,30,Friday,21,13,20,3711623,01:01:52,185581.15,00:03:06
2025-5-30-Friday-22-14,2025,5,30,Friday,22,14,3,385683,00:06:26,128561,00:02:09
2025-5-31-Saturday-4-20,2025,5,31,Saturday,4,20,10,1955113,00:32:35,195511.3,00:03:16
2025-5-31-Saturday-5-21,2025,5,31,Saturday,5,21,10,1626748,00:27:07,162674.8,00:02:43
2025-6-1-Sunday-8-0,2025,6,1,Sunday,8,0,9,1479115,00:24:39,164346.11,00:02:44
2025-6-1-Sunday-19-11,2025,6,1,Sunday,19,11,8,1473903,00:24:34,184237.88,00:03:04
2025-6-1-Sunday-20-12,2025,6,1,Sunday,20,12,16,3030858,00:50:31,189428.63,00:03:09
2025-6-2-Monday-4-20,2025,6,2,Monday,4,20,8,1307917,00:21:48,163489.63,00:02:43
2025-6-2-Monday-5-21,2025,6,2,Monday,5,21,21,3533223,00:58:53,168248.71,00:02:48
2025-6-2-Monday-6-22,2025,6,2,Monday,6,22,14,2635860,00:43:56,188275.71,00:03:08
2025-6-2-Monday-9-1,2025,6,2,Monday,9,1,1,85707,00:01:26,85707,00:01:26
2025-6-2-Monday-17-9,2025,6,2,Monday,17,9,6,1107261,00:18:27,184543.5,00:03:05
2025-6-2-Monday-21-13,2025,6,2,Monday,21,13,8,1500530,00:25:01,187566.25,00:03:08
2025-6-2-Monday-23-15,2025,6,2,Monday,23,15,7,1305981,00:21:46,186568.71,00:03:07
2025-6-3-Tuesday-0-16,2025,6,3,Tuesday,0,16,3,395634,00:06:36,131878,00:02:12
2025-6-3-Tuesday-4-20,2025,6,3,Tuesday,4,20,13,2418196,00:40:18,186015.08,00:03:06
2025-6-3-Tuesday-5-21,2025,6,3,Tuesday,5,21,20,3716370,01:01:56,185818.5,00:03:06
2025-6-3-Tuesday-6-22,2025,6,3,Tuesday,6,22,6,1096510,00:18:17,182751.67,00:03:03
2025-6-3-Tuesday-8-0,2025,6,3,Tuesday,8,0,1,97995,00:01:38,97995,00:01:38
2025-6-3-Tuesday-18-10,2025,6,3,Tuesday,18,10,7,1109572,00:18:30,158510.29,00:02:39
2025-6-3-Tuesday-19-11,2025,6,3,Tuesday,19,11,13,2423909,00:40:24,186454.54,00:03:06
2025-6-3-Tuesday-20-12,2025,6,3,Tuesday,20,12,14,2454762,00:40:55,175340.14,00:02:55
2025-6-3-Tuesday-21-13,2025,6,3,Tuesday,21,13,4,519910,00:08:40,129977.5,00:02:10
2025-6-4-Wednesday-16-8,2025,6,4,Wednesday,16,8,9,1690830,00:28:11,187870,00:03:08
2025-6-4-Wednesday-17-9,2025,6,4,Wednesday,17,9,19,3535862,00:58:56,186098,00:03:06
2025-6-4-Wednesday-18-10,2025,6,4,Wednesday,18,10,18,3333092,00:55:33,185171.78,00:03:05
2025-6-4-Wednesday-19-11,2025,6,4,Wednesday,19,11,9,1607412,00:26:47,178601.33,00:02:59
2025-6-4-Wednesday-20-12,2025,6,4,Wednesday,20,12,13,2254094,00:37:34,173391.85,00:02:53
2025-6-4-Wednesday-21-13,2025,6,4,Wednesday,21,13,18,3103368,00:51:43,172409.33,00:02:52
2025-6-4-Wednesday-22-14,2025,6,4,Wednesday,22,14,1,156213,00:02:36,156213,00:02:36
2025-6-5-Thursday-17-9,2025,6,5,Thursday,17,9,2,72660,00:01:13,36330,00:00:36
2025-6-5-Thursday-18-10,2025,6,5,Thursday,18,10,6,1171847,00:19:32,195307.83,00:03:15
2025-6-5-Thursday-19-11,2025,6,5,Thursday,19,11,16,2828112,00:47:08,176757,00:02:57
2025-6-5-Thursday-20-12,2025,6,5,Thursday,20,12,1,157199,00:02:37,157199,00:02:37
2025-6-5-Thursday-21-13,2025,6,5,Thursday,21,13,1,38173,00:00:38,38173,00:00:38
2025-6-6-Friday-18-10,2025,6,6,Friday,18,10,16,2958477,00:49:18,184904.81,00:03:05
2025-6-6-Friday-19-11,2025,6,6,Friday,19,11,19,3523917,00:58:44,185469.32,00:03:05
2025-6-6-Friday-20-12,2025,6,6,Friday,20,12,20,3658292,01:00:58,182914.6,00:03:03
2025-6-6-Friday-21-13,2025,6,6,Friday,21,13,6,943189,00:15:43,157198.17,00:02:37
2025-6-7-Saturday-17-9,2025,6,7,Saturday,17,9,13,1428974,00:23:49,109921.08,00:01:50
2025-6-7-Saturday-18-10,2025,6,7,Saturday,18,10,9,1665436,00:27:45,185048.44,00:03:05
2025-6-7-Saturday-19-11,2025,6,7,Saturday,19,11,16,3000750,00:50:01,187546.88,00:03:08
2025-6-7-Saturday-20-12,2025,6,7,Saturday,20,12,21,3602474,01:00:02,171546.38,00:02:52
2025-6-7-Saturday-21-13,2025,6,7,Saturday,21,13,19,3650555,01:00:51,192134.47,00:03:12
2025-6-7-Saturday-22-14,2025,6,7,Saturday,22,14,19,3617738,01:00:18,190407.26,00:03:10
2025-6-7-Saturday-23-15,2025,6,7,Saturday,23,15,18,3496929,00:58:17,194273.83,00:03:14
2025-6-8-Sunday-0-16,2025,6,8,Sunday,0,16,19,3660771,01:01:01,192672.16,00:03:13
2025-6-8-Sunday-1-17,2025,6,8,Sunday,1,17,18,3716587,01:01:57,206477.06,00:03:26
2025-6-8-Sunday-2-18,2025,6,8,Sunday,2,18,17,3586944,00:59:47,210996.71,00:03:31
2025-6-8-Sunday-3-19,2025,6,8,Sunday,3,19,17,3414590,00:56:55,200858.24,00:03:21
2025-6-8-Sunday-4-20,2025,6,8,Sunday,4,20,6,1047054,00:17:27,174509,00:02:55
2025-6-9-Monday-14-6,2025,6,9,Monday,14,6,8,1473903,00:24:34,184237.88,00:03:04
2025-6-9-Monday-15-7,2025,6,9,Monday,15,7,19,3522529,00:58:43,185396.26,00:03:05
2025-6-9-Monday-16-8,2025,6,9,Monday,16,8,20,3706611,01:01:47,185330.55,00:03:05
2025-6-9-Monday-17-9,2025,6,9,Monday,17,9,13,2058700,00:34:19,158361.54,00:02:38
2025-6-9-Monday-18-10,2025,6,9,Monday,18,10,20,3706611,01:01:47,185330.55,00:03:05
2025-6-9-Monday-19-11,2025,6,9,Monday,19,11,19,3597317,00:59:57,189332.47,00:03:09
2025-6-9-Monday-20-12,2025,6,9,Monday,20,12,20,3646339,01:00:46,182316.95,00:03:02
2025-6-9-Monday-21-13,2025,6,9,Monday,21,13,14,2516379,00:41:56,179741.36,00:03:00
2025-6-10-Tuesday-18-10,2025,6,10,Tuesday,18,10,13,2363751,00:39:24,181827,00:03:02
2025-6-10-Tuesday-19-11,2025,6,10,Tuesday,19,11,20,3707951,01:01:48,185397.55,00:03:05
2025-6-10-Tuesday-20-12,2025,6,10,Tuesday,20,12,19,3522529,00:58:43,185396.26,00:03:05
2025-6-10-Tuesday-21-13,2025,6,10,Tuesday,21,13,16,2779591,00:46:20,173724.44,00:02:54
2025-6-11-Wednesday-16-8,2025,6,11,Wednesday,16,8,7,1170115,00:19:30,167159.29,00:02:47
2025-6-11-Wednesday-17-9,2025,6,11,Wednesday,17,9,20,3621155,01:00:21,181057.75,00:03:01
2025-6-11-Wednesday-18-10,2025,6,11,Wednesday,18,10,19,3641439,01:00:41,191654.68,00:03:12
2025-6-11-Wednesday-19-11,2025,6,11,Wednesday,19,11,18,3603347,01:00:03,200185.94,00:03:20
2025-6-11-Wednesday-20-12,2025,6,11,Wednesday,20,12,20,3595801,00:59:56,179790.05,00:03:00
2025-6-11-Wednesday-21-13,2025,6,11,Wednesday,21,13,18,3495144,00:58:15,194174.67,00:03:14
2025-6-11-Wednesday-22-14,2025,6,11,Wednesday,22,14,9,1714861,00:28:35,190540.11,00:03:11
2025-6-12-Thursday-16-8,2025,6,12,Thursday,16,8,2,231796,00:03:52,115898,00:01:56
2025-6-12-Thursday-17-9,2025,6,12,Thursday,17,9,20,3746394,01:02:26,187319.7,00:03:07
2025-6-12-Thursday-18-10,2025,6,12,Thursday,18,10,19,3577418,00:59:37,188285.16,00:03:08
2025-6-12-Thursday-19-11,2025,6,12,Thursday,19,11,18,3459566,00:57:40,192198.11,00:03:12
2025-6-12-Thursday-20-12,2025,6,12,Thursday,20,12,19,3669033,01:01:09,193107,00:03:13
2025-6-12-Thursday-21-13,2025,6,12,Thursday,21,13,19,3571315,00:59:31,187963.95,00:03:08
2025-6-12-Thursday-22-14,2025,6,12,Thursday,22,14,4,717696,00:11:58,179424,00:02:59
2025-6-13-Friday-14-6,2025,6,13,Friday,14,6,9,1065605,00:17:46,118400.56,00:01:58
2025-6-13-Friday-15-7,2025,6,13,Friday,15,7,16,2957386,00:49:17,184836.63,00:03:05
2025-6-13-Friday-16-8,2025,6,13,Friday,16,8,19,3679219,01:01:19,193643.11,00:03:14
2025-6-13-Friday-17-9,2025,6,13,Friday,17,9,20,3686968,01:01:27,184348.4,00:03:04
2025-6-13-Friday-18-10,2025,6,13,Friday,18,10,18,3421600,00:57:02,190088.89,00:03:10
2025-6-13-Friday-19-11,2025,6,13,Friday,19,11,18,3641559,01:00:42,202308.83,00:03:22
2025-6-13-Friday-20-12,2025,6,13,Friday,20,12,3,364273,00:06:04,121424.33,00:02:01
2025-6-13-Friday-21-13,2025,6,13,Friday,21,13,7,1153036,00:19:13,164719.43,00:02:45
2025-6-13-Friday-22-14,2025,6,13,Friday,22,14,9,1453966,00:24:14,161551.78,00:02:42
2025-6-17-Tuesday-3-19,2025,6,17,Tuesday,3,19,4,509639,00:08:30,127409.75,00:02:07
2025-6-17-Tuesday-15-7,2025,6,17,Tuesday,15,7,14,2616066,00:43:36,186861.86,00:03:07
2025-6-18-Wednesday-14-6,2025,6,18,Wednesday,14,6,5,1010470,00:16:50,202094,00:03:22
2025-6-18-Wednesday-15-7,2025,6,18,Wednesday,15,7,1,154941,00:02:35,154941,00:02:35
2025-6-18-Wednesday-19-11,2025,6,18,Wednesday,19,11,7,1390188,00:23:10,198598.29,00:03:19
2025-6-18-Wednesday-20-12,2025,6,18,Wednesday,20,12,18,3592845,00:59:53,199602.5,00:03:20
2025-6-18-Wednesday-21-13,2025,6,18,Wednesday,21,13,1,205360,00:03:25,205360,00:03:25
2025-6-21-Saturday-4-20,2025,6,21,Saturday,4,20,4,28550,00:00:29,7137.5,00:00:07
2025-6-22-Sunday-4-20,2025,6,22,Sunday,4,20,16,3171295,00:52:51,198205.94,00:03:18
2025-6-22-Sunday-19-11,2025,6,22,Sunday,19,11,3,113771,00:01:54,37923.67,00:00:38
2025-6-23-Monday-14-6,2025,6,23,Monday,14,6,7,1235968,00:20:36,176566.86,00:02:57
2025-6-23-Monday-16-8,2025,6,23,Monday,16,8,9,1820728,00:30:21,202303.11,00:03:22
2025-6-23-Monday-17-9,2025,6,23,Monday,17,9,18,3578776,00:59:39,198820.89,00:03:19
2025-6-23-Monday-18-10,2025,6,23,Monday,18,10,18,3607309,01:00:07,200406.06,00:03:20
2025-6-23-Monday-19-11,2025,6,23,Monday,19,11,18,3575256,00:59:35,198625.33,00:03:19
2025-6-23-Monday-20-12,2025,6,23,Monday,20,12,18,3639269,01:00:39,202181.61,00:03:22
2025-6-23-Monday-21-13,2025,6,23,Monday,21,13,17,3216685,00:53:37,189216.76,00:03:09
2025-6-24-Tuesday-16-8,2025,6,24,Tuesday,16,8,7,1396476,00:23:16,199496.57,00:03:19
2025-6-24-Tuesday-17-9,2025,6,24,Tuesday,17,9,18,3607309,01:00:07,200406.06,00:03:20
2025-6-24-Tuesday-18-10,2025,6,24,Tuesday,18,10,13,2415396,00:40:15,185799.69,00:03:06
2025-6-25-Wednesday-18-10,2025,6,25,Wednesday,18,10,9,1796871,00:29:57,199652.33,00:03:20
2025-6-25-Wednesday-19-11,2025,6,25,Wednesday,19,11,18,3613016,01:00:13,200723.11,00:03:21
2025-6-25-Wednesday-20-12,2025,6,25,Wednesday,20,12,15,2868571,00:47:49,191238.07,00:03:11
2025-6-25-Wednesday-21-13,2025,6,25,Wednesday,21,13,18,3397621,00:56:38,188756.72,00:03:09
2025-6-26-Thursday-14-6,2025,6,26,Thursday,14,6,4,724842,00:12:05,181210.5,00:03:01
2025-6-26-Thursday-15-7,2025,6,26,Thursday,15,7,1,11381,00:00:11,11381,00:00:11
2025-6-26-Thursday-16-8,2025,6,26,Thursday,16,8,13,2458169,00:40:58,189089.92,00:03:09
2025-6-26-Thursday-17-9,2025,6,26,Thursday,17,9,19,3825762,01:03:46,201355.89,00:03:21
2025-6-26-Thursday-18-10,2025,6,26,Thursday,18,10,17,3426523,00:57:07,201560.18,00:03:22
2025-6-26-Thursday-19-11,2025,6,26,Thursday,19,11,19,3756042,01:02:36,197686.42,00:03:18
2025-6-26-Thursday-20-12,2025,6,26,Thursday,20,12,1,124836,00:02:05,124836,00:02:05
2025-6-27-Friday-16-8,2025,6,27,Friday,16,8,4,698669,00:11:39,174667.25,00:02:55
2025-6-27-Friday-17-9,2025,6,27,Friday,17,9,18,3607309,01:00:07,200406.06,00:03:20
2025-6-27-Friday-18-10,2025,6,27,Friday,18,10,13,2550356,00:42:30,196181.23,00:03:16
2025-6-28-Saturday-19-11,2025,6,28,Saturday,19,11,2,424718,00:07:05,212359,00:03:32
2025-6-28-Saturday-20-12,2025,6,28,Saturday,20,12,24,3463604,00:57:44,144316.83,00:02:24
2025-6-28-Saturday-21-13,2025,6,28,Saturday,21,13,3,471128,00:07:51,157042.67,00:02:37
2025-6-30-Monday-3-19,2025,6,30,Monday,3,19,1,69340,00:01:09,69340,00:01:09
2025-6-30-Monday-14-6,2025,6,30,Monday,14,6,3,361720,00:06:02,120573.33,00:02:01
2025-6-30-Monday-15-7,2025,6,30,Monday,15,7,5,790841,00:13:11,158168.2,00:02:38
2025-6-30-Monday-16-8,2025,6,30,Monday,16,8,4,661146,00:11:01,165286.5,00:02:45
2025-6-30-Monday-17-9,2025,6,30,Monday,17,9,18,3613016,01:00:13,200723.11,00:03:21
2025-6-30-Monday-18-10,2025,6,30,Monday,18,10,19,3583297,00:59:43,188594.58,00:03:09
2025-6-30-Monday-19-11,2025,6,30,Monday,19,11,20,3615859,01:00:16,180792.95,00:03:01
2025-6-30-Monday-20-12,2025,6,30,Monday,20,12,9,1694859,00:28:15,188317.67,00:03:08
2025-6-30-Monday-21-13,2025,6,30,Monday,21,13,7,1024868,00:17:05,146409.71,00:02:26
2025-7-1-Tuesday-16-8,2025,7,1,Tuesday,16,8,19,3249219,00:54:09,171011.53,00:02:51
2025-7-1-Tuesday-17-9,2025,7,1,Tuesday,17,9,19,3564597,00:59:25,187610.37,00:03:08
2025-7-1-Tuesday-18-10,2025,7,1,Tuesday,18,10,20,3625353,01:00:25,181267.65,00:03:01
2025-7-1-Tuesday-19-11,2025,7,1,Tuesday,19,11,2,308753,00:05:09,154376.5,00:02:34
2025-7-2-Wednesday-18-10,2025,7,2,Wednesday,18,10,5,890000,00:14:50,178000,00:02:58
2025-7-2-Wednesday-19-11,2025,7,2,Wednesday,19,11,14,2446234,00:40:46,174731,00:02:55
2025-7-2-Wednesday-20-12,2025,7,2,Wednesday,20,12,5,997957,00:16:38,199591.4,00:03:20
2025-7-2-Wednesday-21-13,2025,7,2,Wednesday,21,13,3,413912,00:06:54,137970.67,00:02:18
2025-7-3-Thursday-14-6,2025,7,3,Thursday,14,6,10,1709209,00:28:29,170920.9,00:02:51
2025-7-3-Thursday-18-10,2025,7,3,Thursday,18,10,15,2588835,00:43:09,172589,00:02:53
2025-7-3-Thursday-19-11,2025,7,3,Thursday,19,11,7,1254715,00:20:55,179245,00:02:59
2025-7-5-Saturday-2-18,2025,7,5,Saturday,2,18,9,1417865,00:23:38,157540.56,00:02:38
2025-7-6-Sunday-4-20,2025,7,6,Sunday,4,20,7,1019376,00:16:59,145625.14,00:02:26
2025-7-7-Monday-16-8,2025,7,7,Monday,16,8,14,2510875,00:41:51,179348.21,00:02:59
2025-7-7-Monday-17-9,2025,7,7,Monday,17,9,20,3656757,01:00:57,182837.85,00:03:03
2025-7-7-Monday-18-10,2025,7,7,Monday,18,10,19,3039586,00:50:40,159978.21,00:02:40
2025-7-7-Monday-19-11,2025,7,7,Monday,19,11,18,3009722,00:50:10,167206.78,00:02:47
2025-7-7-Monday-20-12,2025,7,7,Monday,20,12,8,1444245,00:24:04,180530.63,00:03:01
2025-7-8-Tuesday-16-8,2025,7,8,Tuesday,16,8,9,1556102,00:25:56,172900.22,00:02:53
2025-7-8-Tuesday-17-9,2025,7,8,Tuesday,17,9,20,3625353,01:00:25,181267.65,00:03:01
2025-7-8-Tuesday-18-10,2025,7,8,Tuesday,18,10,19,3539983,00:59:00,186314.89,00:03:06
2025-7-8-Tuesday-19-11,2025,7,8,Tuesday,19,11,20,3629580,01:00:30,181479,00:03:01
2025-7-8-Tuesday-20-12,2025,7,8,Tuesday,20,12,19,3599769,01:00:00,189461.53,00:03:09
2025-7-8-Tuesday-21-13,2025,7,8,Tuesday,21,13,20,3651127,01:00:51,182556.35,00:03:03
2025-7-8-Tuesday-22-14,2025,7,8,Tuesday,22,14,8,1270000,00:21:10,158750,00:02:39
2025-7-9-Wednesday-18-10,2025,7,9,Wednesday,18,10,3,537545,00:08:58,179181.67,00:02:59
2025-7-9-Wednesday-19-11,2025,7,9,Wednesday,19,11,21,3645979,01:00:46,173618.05,00:02:54
2025-7-9-Wednesday-20-12,2025,7,9,Wednesday,20,12,15,2638276,00:43:58,175885.07,00:02:56
2025-7-9-Wednesday-21-13,2025,7,9,Wednesday,21,13,4,473727,00:07:54,118431.75,00:01:58
2025-7-10-Thursday-17-9,2025,7,10,Thursday,17,9,17,3155605,00:52:36,185623.82,00:03:06
2025-7-10-Thursday-18-10,2025,7,10,Thursday,18,10,19,3461803,00:57:42,182200.16,00:03:02
2025-7-10-Thursday-19-11,2025,7,10,Thursday,19,11,20,3682171,01:01:22,184108.55,00:03:04
2025-7-10-Thursday-20-12,2025,7,10,Thursday,20,12,19,3187461,00:53:07,167761.11,00:02:48
2025-7-10-Thursday-21-13,2025,7,10,Thursday,21,13,1,61006,00:01:01,61006,00:01:01
2025-7-11-Friday-15-7,2025,7,11,Friday,15,7,7,1153850,00:19:14,164835.71,00:02:45
2025-7-11-Friday-17-9,2025,7,11,Friday,17,9,12,2063779,00:34:24,171981.58,00:02:52
2025-7-11-Friday-18-10,2025,7,11,Friday,18,10,20,3638903,01:00:39,181945.15,00:03:02
2025-7-11-Friday-19-11,2025,7,11,Friday,19,11,7,1248205,00:20:48,178315,00:02:58
2025-7-11-Friday-20-12,2025,7,11,Friday,20,12,13,2165207,00:36:05,166554.38,00:02:47
2025-7-13-Sunday-13-5,2025,7,13,Sunday,13,5,1,10181,00:00:10,10181,00:00:10
2025-7-13-Sunday-14-6,2025,7,13,Sunday,14,6,9,1672883,00:27:53,185875.89,00:03:06
2025-7-14-Monday-16-8,2025,7,14,Monday,16,8,4,656487,00:10:56,164121.75,00:02:44
2025-7-14-Monday-17-9,2025,7,14,Monday,17,9,20,3663821,01:01:04,183191.05,00:03:03
2025-7-14-Monday-18-10,2025,7,14,Monday,18,10,19,3550195,00:59:10,186852.37,00:03:07
2025-7-14-Monday-19-11,2025,7,14,Monday,19,11,20,3618022,01:00:18,180901.1,00:03:01
2025-7-14-Monday-20-12,2025,7,14,Monday,20,12,18,3258708,00:54:19,181039.33,00:03:01
2025-7-15-Tuesday-15-7,2025,7,15,Tuesday,15,7,19,3352121,00:55:52,176427.42,00:02:56
2025-7-15-Tuesday-16-8,2025,7,15,Tuesday,16,8,20,3706831,01:01:47,185341.55,00:03:05
2025-7-15-Tuesday-17-9,2025,7,15,Tuesday,17,9,19,3473051,00:57:53,182792.16,00:03:03
2025-7-15-Tuesday-18-10,2025,7,15,Tuesday,18,10,20,3667928,01:01:08,183396.4,00:03:03
2025-7-15-Tuesday-19-11,2025,7,15,Tuesday,19,11,20,3615859,01:00:16,180792.95,00:03:01
2025-7-15-Tuesday-20-12,2025,7,15,Tuesday,20,12,5,869571,00:14:30,173914.2,00:02:54
2025-7-16-Wednesday-17-9,2025,7,16,Wednesday,17,9,16,3010520,00:50:11,188157.5,00:03:08
2025-7-16-Wednesday-18-10,2025,7,16,Wednesday,18,10,19,3508414,00:58:28,184653.37,00:03:05
2025-7-16-Wednesday-19-11,2025,7,16,Wednesday,19,11,20,3609203,01:00:09,180460.15,00:03:00
2025-7-16-Wednesday-20-12,2025,7,16,Wednesday,20,12,20,3743997,01:02:24,187199.85,00:03:07
2025-7-16-Wednesday-21-13,2025,7,16,Wednesday,21,13,17,2909426,00:48:29,171142.71,00:02:51
2025-7-17-Thursday-15-7,2025,7,17,Thursday,15,7,17,3146923,00:52:27,185113.12,00:03:05
2025-7-17-Thursday-16-8,2025,7,17,Thursday,16,8,19,3485940,00:58:06,183470.53,00:03:03
2025-7-17-Thursday-17-9,2025,7,17,Thursday,17,9,20,3697464,01:01:37,184873.2,00:03:05
2025-7-17-Thursday-18-10,2025,7,17,Thursday,18,10,7,1224777,00:20:25,174968.14,00:02:55
2025-7-18-Friday-14-6,2025,7,18,Friday,14,6,11,1879344,00:31:19,170849.45,00:02:51
2025-7-18-Friday-15-7,2025,7,18,Friday,15,7,19,3508414,00:58:28,184653.37,00:03:05
2025-7-18-Friday-16-8,2025,7,18,Friday,16,8,20,3609203,01:00:09,180460.15,00:03:00
2025-7-18-Friday-17-9,2025,7,18,Friday,17,9,20,3743997,01:02:24,187199.85,00:03:07
2025-7-18-Friday-18-10,2025,7,18,Friday,18,10,19,3450553,00:57:31,181608.05,00:03:02
2025-7-18-Friday-19-11,2025,7,18,Friday,19,11,14,2508484,00:41:48,179177.43,00:02:59
2025-7-19-Saturday-21-13,2025,7,19,Saturday,21,13,3,572985,00:09:33,190995,00:03:11
2025-7-19-Saturday-22-14,2025,7,19,Saturday,22,14,9,1449725,00:24:10,161080.56,00:02:41
2025-7-20-Sunday-17-9,2025,7,20,Sunday,17,9,7,951651,00:15:52,135950.14,00:02:16
2025-7-20-Sunday-18-10,2025,7,20,Sunday,18,10,13,2350458,00:39:10,180804.46,00:03:01
2025-7-20-Sunday-20-12,2025,7,20,Sunday,20,12,20,3650533,01:00:51,182526.65,00:03:03
2025-7-20-Sunday-21-13,2025,7,20,Sunday,21,13,17,2969914,00:49:30,174700.82,00:02:55
2025-7-21-Monday-13-5,2025,7,21,Monday,13,5,5,674192,00:11:14,134838.4,00:02:15
2025-7-21-Monday-14-6,2025,7,21,Monday,14,6,1,180551,00:03:01,180551,00:03:01
2025-7-21-Monday-15-7,2025,7,21,Monday,15,7,20,3651127,01:00:51,182556.35,00:03:03
2025-7-21-Monday-16-8,2025,7,21,Monday,16,8,20,3710289,01:01:50,185514.45,00:03:06
2025-7-21-Monday-17-9,2025,7,21,Monday,17,9,19,3472728,00:57:53,182775.16,00:03:03
2025-7-21-Monday-18-10,2025,7,21,Monday,18,10,20,3699005,01:01:39,184950.25,00:03:05
2025-7-21-Monday-19-11,2025,7,21,Monday,19,11,22,3528802,00:58:49,160400.09,00:02:40
2025-7-21-Monday-20-12,2025,7,21,Monday,20,12,5,915171,00:15:15,183034.2,00:03:03
2025-7-21-Monday-21-13,2025,7,21,Monday,21,13,18,2907888,00:48:28,161549.33,00:02:42
2025-7-21-Monday-23-15,2025,7,21,Monday,23,15,1,128797,00:02:09,128797,00:02:09
2025-7-22-Tuesday-14-6,2025,7,22,Tuesday,14,6,9,1498863,00:24:59,166540.33,00:02:47
2025-7-22-Tuesday-15-7,2025,7,22,Tuesday,15,7,20,3682624,01:01:23,184131.2,00:03:04
2025-7-22-Tuesday-16-8,2025,7,22,Tuesday,16,8,19,3508414,00:58:28,184653.37,00:03:05
2025-7-22-Tuesday-17-9,2025,7,22,Tuesday,17,9,20,3609203,01:00:09,180460.15,00:03:00
2025-7-22-Tuesday-18-10,2025,7,22,Tuesday,18,10,13,2432171,00:40:32,187090.08,00:03:07
2025-7-23-Wednesday-15-7,2025,7,23,Wednesday,15,7,18,3217068,00:53:37,178726,00:02:59
2025-7-23-Wednesday-16-8,2025,7,23,Wednesday,16,8,20,3621102,01:00:21,181055.1,00:03:01
2025-7-23-Wednesday-17-9,2025,7,23,Wednesday,17,9,20,3693517,01:01:34,184675.85,00:03:05
2025-7-23-Wednesday-18-10,2025,7,23,Wednesday,18,10,19,3442219,00:57:22,181169.42,00:03:01
2025-7-23-Wednesday-19-11,2025,7,23,Wednesday,19,11,20,3682624,01:01:23,184131.2,00:03:04
2025-7-23-Wednesday-20-12,2025,7,23,Wednesday,20,12,19,3508414,00:58:28,184653.37,00:03:05
2025-7-23-Wednesday-21-13,2025,7,23,Wednesday,21,13,7,1211478,00:20:11,173068.29,00:02:53
2025-7-24-Thursday-18-10,2025,7,24,Thursday,18,10,14,2457154,00:40:57,175511,00:02:56
2025-7-24-Thursday-19-11,2025,7,24,Thursday,19,11,20,3615859,01:00:16,180792.95,00:03:01
2025-7-24-Thursday-20-12,2025,7,24,Thursday,20,12,8,1317569,00:21:58,164696.13,00:02:45
2025-7-25-Friday-16-8,2025,7,25,Friday,16,8,1,209226,00:03:29,209226,00:03:29
2025-7-25-Friday-17-9,2025,7,25,Friday,17,9,21,3631990,01:00:32,172951.9,00:02:53
2025-7-25-Friday-18-10,2025,7,25,Friday,18,10,19,3611076,01:00:11,190056.63,00:03:10
2025-7-25-Friday-19-11,2025,7,25,Friday,19,11,19,3382594,00:56:23,178031.26,00:02:58
2025-7-25-Friday-20-12,2025,7,25,Friday,20,12,8,1393052,00:23:13,174131.5,00:02:54
2025-7-26-Saturday-22-14,2025,7,26,Saturday,22,14,11,1804553,00:30:05,164050.27,00:02:44
2025-7-26-Saturday-23-15,2025,7,26,Saturday,23,15,19,3394486,00:56:34,178657.16,00:02:59
2025-7-27-Sunday-20-12,2025,7,27,Sunday,20,12,5,815909,00:13:36,163181.8,00:02:43
2025-7-27-Sunday-21-13,2025,7,27,Sunday,21,13,14,1798090,00:29:58,128435,00:02:08
2025-7-28-Monday-13-5,2025,7,28,Monday,13,5,7,1338313,00:22:18,191187.57,00:03:11
2025-7-28-Monday-14-6,2025,7,28,Monday,14,6,3,428300,00:07:08,142766.67,00:02:23
2025-7-28-Monday-15-7,2025,7,28,Monday,15,7,19,3438860,00:57:19,180992.63,00:03:01
2025-7-28-Monday-16-8,2025,7,28,Monday,16,8,19,3539983,00:59:00,186314.89,00:03:06
2025-7-28-Monday-17-9,2025,7,28,Monday,17,9,20,3629580,01:00:30,181479,00:03:01
2025-7-28-Monday-18-10,2025,7,28,Monday,18,10,20,3795102,01:03:15,189755.1,00:03:10
2025-7-28-Monday-19-11,2025,7,28,Monday,19,11,19,3455794,00:57:36,181883.89,00:03:02
2025-7-28-Monday-20-12,2025,7,28,Monday,20,12,20,3710289,01:01:50,185514.45,00:03:06
2025-7-28-Monday-21-13,2025,7,28,Monday,21,13,19,3472728,00:57:53,182775.16,00:03:03
2025-7-28-Monday-22-14,2025,7,28,Monday,22,14,18,3156637,00:52:37,175368.72,00:02:55
2025-7-29-Tuesday-16-8,2025,7,29,Tuesday,16,8,8,1447959,00:24:08,180994.88,00:03:01
2025-7-29-Tuesday-17-9,2025,7,29,Tuesday,17,9,20,3615859,01:00:16,180792.95,00:03:01
2025-7-29-Tuesday-18-10,2025,7,29,Tuesday,18,10,20,3682624,01:01:23,184131.2,00:03:04
2025-7-29-Tuesday-19-11,2025,7,29,Tuesday,19,11,19,3508414,00:58:28,184653.37,00:03:05
2025-7-29-Tuesday-20-12,2025,7,29,Tuesday,20,12,14,2582971,00:43:03,184497.93,00:03:04
2025-7-30-Wednesday-18-10,2025,7,30,Wednesday,18,10,11,1769918,00:29:30,160901.64,00:02:41
2025-7-30-Wednesday-19-11,2025,7,30,Wednesday,19,11,19,3611076,01:00:11,190056.63,00:03:10
2025-7-30-Wednesday-20-12,2025,7,30,Wednesday,20,12,20,3612367,01:00:12,180618.35,00:03:01
2025-7-30-Wednesday-21-13,2025,7,30,Wednesday,21,13,17,3183360,00:53:03,187256.47,00:03:07
2025-7-31-Thursday-16-8,2025,7,31,Thursday,16,8,3,572985,00:09:33,190995,00:03:11
2025-7-31-Thursday-17-9,2025,7,31,Thursday,17,9,20,3629580,01:00:30,181479,00:03:01
2025-7-31-Thursday-18-10,2025,7,31,Thursday,18,10,20,3795102,01:03:15,189755.1,00:03:10
2025-7-31-Thursday-19-11,2025,7,31,Thursday,19,11,19,3455794,00:57:36,181883.89,00:03:02
2025-7-31-Thursday-20-12,2025,7,31,Thursday,20,12,20,3710289,01:01:50,185514.45,00:03:06
2025-7-31-Thursday-21-13,2025,7,31,Thursday,21,13,19,3472728,00:57:53,182775.16,00:03:03
2025-7-31-Thursday-22-14,2025,7,31,Thursday,22,14,16,2790193,00:46:30,174387.06,00:02:54
2025-8-1-Friday-17-9,2025,8,1,Friday,17,9,11,1928831,00:32:09,175348.27,00:02:55
2025-8-1-Friday-18-10,2025,8,1,Friday,18,10,19,3508414,00:58:28,184653.37,00:03:05
2025-8-1-Friday-19-11,2025,8,1,Friday,19,11,20,3609203,01:00:09,180460.15,00:03:00
2025-8-1-Friday-20-12,2025,8,1,Friday,20,12,14,2504880,00:41:45,178920,00:02:59
2025-8-2-Saturday-16-8,2025,8,2,Saturday,16,8,4,4260,00:00:04,1065,00:00:01
2025-8-2-Saturday-17-9,2025,8,2,Saturday,17,9,9,1576509,00:26:17,175167.67,00:02:55
2025-8-2-Saturday-18-10,2025,8,2,Saturday,18,10,1,2435,00:00:02,2435,00:00:02
2025-8-2-Saturday-20-12,2025,8,2,Saturday,20,12,20,3657401,01:00:57,182870.05,00:03:03
2025-8-2-Saturday-21-13,2025,8,2,Saturday,21,13,4,637822,00:10:38,159455.5,00:02:39
2025-8-4-Monday-15-7,2025,8,4,Monday,15,7,20,3536263,00:58:56,176813.15,00:02:57
2025-8-4-Monday-16-8,2025,8,4,Monday,16,8,19,3446206,00:57:26,181379.26,00:03:01
2025-8-4-Monday-17-9,2025,8,4,Monday,17,9,20,3751090,01:02:31,187554.5,00:03:08
2025-8-4-Monday-18-10,2025,8,4,Monday,18,10,20,3614753,01:00:15,180737.65,00:03:01
2025-8-4-Monday-19-11,2025,8,4,Monday,19,11,18,3364090,00:56:04,186893.89,00:03:07
2025-8-4-Monday-20-12,2025,8,4,Monday,20,12,20,3402346,00:56:42,170117.3,00:02:50
2025-8-5-Tuesday-14-6,2025,8,5,Tuesday,14,6,2,212573,00:03:33,106286.5,00:01:46
2025-8-5-Tuesday-15-7,2025,8,5,Tuesday,15,7,14,2718806,00:45:19,194200.43,00:03:14
2025-8-5-Tuesday-17-9,2025,8,5,Tuesday,17,9,19,3473051,00:57:53,182792.16,00:03:03
2025-8-5-Tuesday-18-10,2025,8,5,Tuesday,18,10,19,3492046,00:58:12,183791.89,00:03:04
2025-8-5-Tuesday-19-11,2025,8,5,Tuesday,19,11,20,3643109,01:00:43,182155.45,00:03:02
2025-8-5-Tuesday-20-12,2025,8,5,Tuesday,20,12,20,3671083,01:01:11,183554.15,00:03:04
2025-8-5-Tuesday-21-13,2025,8,5,Tuesday,21,13,17,2980733,00:49:41,175337.24,00:02:55
2025-8-6-Wednesday-16-8,2025,8,6,Wednesday,16,8,3,495085,00:08:15,165028.33,00:02:45
2025-8-6-Wednesday-17-9,2025,8,6,Wednesday,17,9,20,3654580,01:00:55,182729,00:03:03
2025-8-6-Wednesday-18-10,2025,8,6,Wednesday,18,10,19,3528824,00:58:49,185727.58,00:03:06
2025-8-6-Wednesday-19-11,2025,8,6,Wednesday,19,11,20,3599553,01:00:00,179977.65,00:03:00
2025-8-6-Wednesday-20-12,2025,8,6,Wednesday,20,12,19,3564597,00:59:25,187610.37,00:03:08
2025-8-6-Wednesday-21-13,2025,8,6,Wednesday,21,13,20,3625353,01:00:25,181267.65,00:03:01
2025-8-6-Wednesday-22-14,2025,8,6,Wednesday,22,14,5,924091,00:15:24,184818.2,00:03:05
2025-8-7-Thursday-16-8,2025,8,7,Thursday,16,8,17,3043680,00:50:44,179040,00:02:59
2025-8-7-Thursday-17-9,2025,8,7,Thursday,17,9,20,3651127,01:00:51,182556.35,00:03:03
2025-8-7-Thursday-18-10,2025,8,7,Thursday,18,10,19,3519196,00:58:39,185220.84,00:03:05
2025-8-7-Thursday-19-11,2025,8,7,Thursday,19,11,20,3663821,01:01:04,183191.05,00:03:03
2025-8-7-Thursday-20-12,2025,8,7,Thursday,20,12,19,3550195,00:59:10,186852.37,00:03:07
2025-8-7-Thursday-21-13,2025,8,7,Thursday,21,13,12,1921250,00:32:01,160104.17,00:02:40
2025-8-8-Friday-5-21,2025,8,8,Friday,5,21,14,2550701,00:42:31,182192.93,00:03:02
2025-8-8-Friday-6-22,2025,8,8,Friday,6,22,12,2099013,00:34:59,174917.75,00:02:55
2025-8-8-Friday-14-6,2025,8,8,Friday,14,6,2,274904,00:04:35,137452,00:02:17
2025-8-8-Friday-15-7,2025,8,8,Friday,15,7,19,3519196,00:58:39,185220.84,00:03:05
2025-8-8-Friday-16-8,2025,8,8,Friday,16,8,20,3663821,01:01:04,183191.05,00:03:03
2025-8-8-Friday-17-9,2025,8,8,Friday,17,9,19,3550195,00:59:10,186852.37,00:03:07
2025-8-8-Friday-18-10,2025,8,8,Friday,18,10,20,3618022,01:00:18,180901.1,00:03:01
2025-8-8-Friday-19-11,2025,8,8,Friday,19,11,20,3679591,01:01:20,183979.55,00:03:04
2025-8-8-Friday-20-12,2025,8,8,Friday,20,12,3,376035,00:06:16,125345,00:02:05
2025-8-9-Saturday-15-7,2025,8,9,Saturday,15,7,11,1997875,00:33:18,181625,00:03:02
2025-8-9-Saturday-16-8,2025,8,9,Saturday,16,8,20,3710289,01:01:50,185514.45,00:03:06
2025-8-9-Saturday-17-9,2025,8,9,Saturday,17,9,19,3472728,00:57:53,182775.16,00:03:03
2025-8-9-Saturday-18-10,2025,8,9,Saturday,18,10,19,3550195,00:59:10,186852.37,00:03:07
2025-8-10-Sunday-5-21,2025,8,10,Sunday,5,21,8,1127510,00:18:48,140938.75,00:02:21
2025-8-11-Monday-14-6,2025,8,11,Monday,14,6,5,672165,00:11:12,134433,00:02:14
2025-8-11-Monday-15-7,2025,8,11,Monday,15,7,20,3615859,01:00:16,180792.95,00:03:01
2025-8-11-Monday-16-8,2025,8,11,Monday,16,8,20,3682624,01:01:23,184131.2,00:03:04
2025-8-11-Monday-17-9,2025,8,11,Monday,17,9,19,3508414,00:58:28,184653.37,00:03:05
2025-8-11-Monday-18-10,2025,8,11,Monday,18,10,20,3609203,01:00:09,180460.15,00:03:00
2025-8-11-Monday-19-11,2025,8,11,Monday,19,11,20,3743997,01:02:24,187199.85,00:03:07
2025-8-11-Monday-20-12,2025,8,11,Monday,20,12,19,3450553,00:57:31,181608.05,00:03:02
2025-8-11-Monday-21-13,2025,8,11,Monday,21,13,20,3714783,01:01:55,185739.15,00:03:06
2025-8-11-Monday-22-14,2025,8,11,Monday,22,14,7,1245970,00:20:46,177995.71,00:02:58
2025-8-12-Tuesday-15-7,2025,8,12,Tuesday,15,7,3,459036,00:07:39,153012,00:02:33
2025-8-12-Tuesday-16-8,2025,8,12,Tuesday,16,8,19,3457582,00:57:38,181978,00:03:02
2025-8-12-Tuesday-17-9,2025,8,12,Tuesday,17,9,19,3652554,01:00:53,192239.68,00:03:12
2025-8-12-Tuesday-18-10,2025,8,12,Tuesday,18,10,20,3612367,01:00:12,180618.35,00:03:01
2025-8-12-Tuesday-19-11,2025,8,12,Tuesday,19,11,19,3565329,00:59:25,187648.89,00:03:08
2025-8-12-Tuesday-20-12,2025,8,12,Tuesday,20,12,20,3651034,01:00:51,182551.7,00:03:03
2025-8-12-Tuesday-21-13,2025,8,12,Tuesday,21,13,20,3643353,01:00:43,182167.65,00:03:02
2025-8-12-Tuesday-22-14,2025,8,12,Tuesday,22,14,2,381051,00:06:21,190525.5,00:03:11
2025-8-13-Wednesday-14-6,2025,8,13,Wednesday,14,6,15,2490285,00:41:30,166019,00:02:46
2025-8-13-Wednesday-15-7,2025,8,13,Wednesday,15,7,19,3534771,00:58:55,186040.58,00:03:06
2025-8-13-Wednesday-16-8,2025,8,13,Wednesday,16,8,20,3659779,01:01:00,182988.95,00:03:03
2025-8-13-Wednesday-17-9,2025,8,13,Wednesday,17,9,19,3537517,00:58:58,186185.11,00:03:06
2025-8-13-Wednesday-18-10,2025,8,13,Wednesday,18,10,20,3614753,01:00:15,180737.65,00:03:01
2025-8-13-Wednesday-19-11,2025,8,13,Wednesday,19,11,19,3611076,01:00:11,190056.63,00:03:10
2025-8-13-Wednesday-20-12,2025,8,13,Wednesday,20,12,20,3442150,00:57:22,172107.5,00:02:52
2025-8-14-Thursday-15-7,2025,8,14,Thursday,15,7,16,2935177,00:48:55,183448.56,00:03:03
2025-8-14-Thursday-16-8,2025,8,14,Thursday,16,8,20,3614753,01:00:15,180737.65,00:03:01
2025-8-14-Thursday-17-9,2025,8,14,Thursday,17,9,19,3611076,01:00:11,190056.63,00:03:10
2025-8-14-Thursday-18-10,2025,8,14,Thursday,18,10,20,3612367,01:00:12,180618.35,00:03:01
2025-8-14-Thursday-19-11,2025,8,14,Thursday,19,11,19,3565329,00:59:25,187648.89,00:03:08
2025-8-14-Thursday-20-12,2025,8,14,Thursday,20,12,20,3651034,01:00:51,182551.7,00:03:03
2025-8-14-Thursday-21-13,2025,8,14,Thursday,21,13,20,3593704,00:59:54,179685.2,00:03:00
2025-8-14-Thursday-22-14,2025,8,14,Thursday,22,14,20,3618022,01:00:18,180901.1,00:03:01
2025-8-14-Thursday-23-15,2025,8,14,Thursday,23,15,4,521122,00:08:41,130280.5,00:02:10
2025-8-15-Friday-16-8,2025,8,15,Friday,16,8,19,3507982,00:58:28,184630.63,00:03:05
2025-8-15-Friday-17-9,2025,8,15,Friday,17,9,20,3638903,01:00:39,181945.15,00:03:02
2025-8-15-Friday-18-10,2025,8,15,Friday,18,10,20,3654580,01:00:55,182729,00:03:03
2025-8-15-Friday-19-11,2025,8,15,Friday,19,11,19,3528824,00:58:49,185727.58,00:03:06
2025-8-15-Friday-20-12,2025,8,15,Friday,20,12,20,3599553,01:00:00,179977.65,00:03:00
2025-8-15-Friday-21-13,2025,8,15,Friday,21,13,3,503206,00:08:23,167735.33,00:02:48
2025-8-17-Sunday-5-21,2025,8,17,Sunday,5,21,10,1370845,00:22:51,137084.5,00:02:17
2025-8-18-Monday-21-13,2025,8,18,Monday,21,13,8,1233759,00:20:34,154219.88,00:02:34
2025-8-20-Wednesday-14-6,2025,8,20,Wednesday,14,6,8,1345503,00:22:26,168187.88,00:02:48
2025-8-20-Wednesday-15-7,2025,8,20,Wednesday,15,7,4,586597,00:09:47,146649.25,00:02:27
2025-8-20-Wednesday-21-13,2025,8,20,Wednesday,21,13,10,1905198,00:31:45,190519.8,00:03:11
2025-8-20-Wednesday-22-14,2025,8,20,Wednesday,22,14,8,1214274,00:20:14,151784.25,00:02:32
2025-8-21-Thursday-15-7,2025,8,21,Thursday,15,7,15,2741004,00:45:41,182733.6,00:03:03
2025-8-21-Thursday-16-8,2025,8,21,Thursday,16,8,20,3682624,01:01:23,184131.2,00:03:04
2025-8-21-Thursday-17-9,2025,8,21,Thursday,17,9,19,3508414,00:58:28,184653.37,00:03:05
2025-8-21-Thursday-18-10,2025,8,21,Thursday,18,10,20,3609203,01:00:09,180460.15,00:03:00
2025-8-21-Thursday-19-11,2025,8,21,Thursday,19,11,19,3534771,00:58:55,186040.58,00:03:06
2025-8-21-Thursday-20-12,2025,8,21,Thursday,20,12,9,1645106,00:27:25,182789.56,00:03:03
2025-8-21-Thursday-21-13,2025,8,21,Thursday,21,13,17,2922483,00:48:42,171910.76,00:02:52
2025-8-22-Friday-1-17,2025,8,22,Friday,1,17,1,142242,00:02:22,142242,00:02:22
2025-8-22-Friday-4-20,2025,8,22,Friday,4,20,11,1777622,00:29:38,161602,00:02:42
2025-8-22-Friday-5-21,2025,8,22,Friday,5,21,20,3462143,00:57:42,173107.15,00:02:53
2025-8-22-Friday-6-22,2025,8,22,Friday,6,22,20,3492209,00:58:12,174610.45,00:02:55
2025-8-22-Friday-7-23,2025,8,22,Friday,7,23,20,3481505,00:58:02,174075.25,00:02:54
2025-8-22-Friday-8-0,2025,8,22,Friday,8,0,7,1141285,00:19:01,163040.71,00:02:43
2025-8-22-Friday-13-5,2025,8,22,Friday,13,5,16,34707,00:00:35,2169.19,00:00:02
2025-8-22-Friday-14-6,2025,8,22,Friday,14,6,9,1176040,00:19:36,130671.11,00:02:11
2025-8-22-Friday-15-7,2025,8,22,Friday,15,7,19,3171105,00:52:51,166900.26,00:02:47
2025-8-22-Friday-16-8,2025,8,22,Friday,16,8,12,2181818,00:36:22,181818.17,00:03:02
2025-8-22-Friday-17-9,2025,8,22,Friday,17,9,20,3629580,01:00:30,181479,00:03:01
2025-8-22-Friday-18-10,2025,8,22,Friday,18,10,20,3512829,00:58:33,175641.45,00:02:56
2025-8-22-Friday-19-11,2025,8,22,Friday,19,11,20,3659471,01:00:59,182973.55,00:03:03
2025-8-22-Friday-20-12,2025,8,22,Friday,20,12,24,3666006,01:01:06,152750.25,00:02:33
2025-8-22-Friday-21-13,2025,8,22,Friday,21,13,18,3097055,00:51:37,172058.61,00:02:52
2025-8-23-Saturday-16-8,2025,8,23,Saturday,16,8,8,1382190,00:23:02,172773.75,00:02:53
2025-8-23-Saturday-17-9,2025,8,23,Saturday,17,9,11,1434496,00:23:54,130408.73,00:02:10
2025-8-23-Saturday-18-10,2025,8,23,Saturday,18,10,2,261873,00:04:22,130936.5,00:02:11
2025-8-23-Saturday-20-12,2025,8,23,Saturday,20,12,1,6340,00:00:06,6340,00:00:06
2025-8-24-Sunday-14-6,2025,8,24,Sunday,14,6,1,167026,00:02:47,167026,00:02:47
2025-8-24-Sunday-15-7,2025,8,24,Sunday,15,7,19,3537111,00:58:57,186163.74,00:03:06
2025-8-24-Sunday-16-8,2025,8,24,Sunday,16,8,23,3601469,01:00:01,156585.61,00:02:37
2025-8-24-Sunday-17-9,2025,8,24,Sunday,17,9,20,3454274,00:57:34,172713.7,00:02:53
2025-8-25-Monday-14-6,2025,8,25,Monday,14,6,5,697193,00:11:37,139438.6,00:02:19
2025-8-25-Monday-15-7,2025,8,25,Monday,15,7,18,3032519,00:50:33,168473.28,00:02:48
2025-8-25-Monday-17-9,2025,8,25,Monday,17,9,7,1049047,00:17:29,149863.86,00:02:30
2025-8-25-Monday-18-10,2025,8,25,Monday,18,10,4,548880,00:09:09,137220,00:02:17
2025-8-25-Monday-19-11,2025,8,25,Monday,19,11,13,2136285,00:35:36,164329.62,00:02:44
2025-8-25-Monday-20-12,2025,8,25,Monday,20,12,20,3625353,01:00:25,181267.65,00:03:01
2025-8-25-Monday-21-13,2025,8,25,Monday,21,13,20,3668089,01:01:08,183404.45,00:03:03
2025-8-25-Monday-22-14,2025,8,25,Monday,22,14,1,167000,00:02:47,167000,00:02:47
2025-8-26-Tuesday-14-6,2025,8,26,Tuesday,14,6,2,331052,00:05:31,165526,00:02:46
2025-8-26-Tuesday-15-7,2025,8,26,Tuesday,15,7,21,3282989,00:54:43,156332.81,00:02:36
2025-8-26-Tuesday-16-8,2025,8,26,Tuesday,16,8,20,3704137,01:01:44,185206.85,00:03:05
2025-8-26-Tuesday-17-9,2025,8,26,Tuesday,17,9,20,3618022,01:00:18,180901.1,00:03:01
2025-8-26-Tuesday-18-10,2025,8,26,Tuesday,18,10,20,3533034,00:58:53,176651.7,00:02:57
2025-8-26-Tuesday-19-11,2025,8,26,Tuesday,19,11,20,3625353,01:00:25,181267.65,00:03:01
2025-8-26-Tuesday-20-12,2025,8,26,Tuesday,20,12,20,3668089,01:01:08,183404.45,00:03:03
2025-8-26-Tuesday-21-13,2025,8,26,Tuesday,21,13,4,562219,00:09:22,140554.75,00:02:21
2025-8-27-Wednesday-15-7,2025,8,27,Wednesday,15,7,9,1398933,00:23:19,155437,00:02:35
2025-8-27-Wednesday-16-8,2025,8,27,Wednesday,16,8,22,3717543,01:01:58,168979.23,00:02:49
2025-8-27-Wednesday-17-9,2025,8,27,Wednesday,17,9,21,3640364,01:00:40,173350.67,00:02:53
2025-8-27-Wednesday-18-10,2025,8,27,Wednesday,18,10,21,3604700,01:00:05,171652.38,00:02:52
2025-8-27-Wednesday-19-11,2025,8,27,Wednesday,19,11,21,3674377,01:01:14,174970.33,00:02:55
2025-8-27-Wednesday-20-12,2025,8,27,Wednesday,20,12,16,2793250,00:46:33,174578.13,00:02:55
2025-8-28-Thursday-14-6,2025,8,28,Thursday,14,6,6,801369,00:13:21,133561.5,00:02:14
2025-8-28-Thursday-15-7,2025,8,28,Thursday,15,7,1,176013,00:02:56,176013,00:02:56
2025-8-28-Thursday-16-8,2025,8,28,Thursday,16,8,18,3323069,00:55:23,184614.94,00:03:05
2025-8-28-Thursday-17-9,2025,8,28,Thursday,17,9,19,3457582,00:57:38,181978,00:03:02
2025-8-28-Thursday-18-10,2025,8,28,Thursday,18,10,20,3561197,00:59:21,178059.85,00:02:58
2025-8-28-Thursday-19-11,2025,8,28,Thursday,19,11,20,3629580,01:00:30,181479,00:03:01
2025-8-28-Thursday-20-12,2025,8,28,Thursday,20,12,20,3646129,01:00:46,182306.45,00:03:02
2025-8-28-Thursday-21-13,2025,8,28,Thursday,21,13,20,3665671,01:01:06,183283.55,00:03:03
2025-8-28-Thursday-22-14,2025,8,28,Thursday,22,14,6,962079,00:16:02,160346.5,00:02:40
2025-8-29-Friday-14-6,2025,8,29,Friday,14,6,4,493622,00:08:14,123405.5,00:02:03
2025-8-29-Friday-15-7,2025,8,29,Friday,15,7,20,3708095,01:01:48,185404.75,00:03:05
2025-8-29-Friday-16-8,2025,8,29,Friday,16,8,20,3643109,01:00:43,182155.45,00:03:02
2025-8-29-Friday-17-9,2025,8,29,Friday,17,9,19,3375670,00:56:16,177666.84,00:02:58
2025-8-29-Friday-18-10,2025,8,29,Friday,18,10,20,3629580,01:00:30,181479,00:03:01
2025-8-29-Friday-19-11,2025,8,29,Friday,19,11,20,3646129,01:00:46,182306.45,00:03:02
2025-8-29-Friday-20-12,2025,8,29,Friday,20,12,20,3665671,01:01:06,183283.55,00:03:03
2025-8-29-Friday-21-13,2025,8,29,Friday,21,13,20,3668587,01:01:09,183429.35,00:03:03
2025-8-29-Friday-22-14,2025,8,29,Friday,22,14,13,2041389,00:34:01,157029.92,00:02:37
2025-8-29-Friday-23-15,2025,8,29,Friday,23,15,16,2960123,00:49:20,185007.69,00:03:05
2025-8-30-Saturday-0-16,2025,8,30,Saturday,0,16,1,165616,00:02:46,165616,00:02:46
2025-8-30-Saturday-15-7,2025,8,30,Saturday,15,7,7,929995,00:15:30,132856.43,00:02:13
2025-8-30-Saturday-20-12,2025,8,30,Saturday,20,12,1,83,00:00:00,83,00:00:00
2025-8-30-Saturday-21-13,2025,8,30,Saturday,21,13,22,3401279,00:56:41,154603.59,00:02:35
2025-8-30-Saturday-22-14,2025,8,30,Saturday,22,14,5,971084,00:16:11,194216.8,00:03:14
2025-9-1-Monday-14-6,2025,9,1,Monday,14,6,10,1379841,00:23:00,137984.1,00:02:18
2025-9-1-Monday-15-7,2025,9,1,Monday,15,7,20,3514824,00:58:35,175741.2,00:02:56
2025-9-1-Monday-16-8,2025,9,1,Monday,16,8,19,3465084,00:57:45,182372.84,00:03:02
2025-9-1-Monday-17-9,2025,9,1,Monday,17,9,22,3686084,01:01:26,167549.27,00:02:48
2025-9-1-Monday-18-10,2025,9,1,Monday,18,10,21,3576026,00:59:36,170286.95,00:02:50
2025-9-1-Monday-19-11,2025,9,1,Monday,19,11,21,3696455,01:01:36,176021.67,00:02:56
2025-9-1-Monday-20-12,2025,9,1,Monday,20,12,20,3493432,00:58:13,174671.6,00:02:55
2025-9-1-Monday-21-13,2025,9,1,Monday,21,13,20,3524626,00:58:45,176231.3,00:02:56
2025-9-1-Monday-22-14,2025,9,1,Monday,22,14,9,1442180,00:24:02,160242.22,00:02:40
2025-9-2-Tuesday-15-7,2025,9,2,Tuesday,15,7,14,2495180,00:41:35,178227.14,00:02:58
2025-9-2-Tuesday-16-8,2025,9,2,Tuesday,16,8,20,3629580,01:00:30,181479,00:03:01
2025-9-2-Tuesday-17-9,2025,9,2,Tuesday,17,9,20,3646129,01:00:46,182306.45,00:03:02
2025-9-2-Tuesday-18-10,2025,9,2,Tuesday,18,10,19,3502578,00:58:23,184346.21,00:03:04
2025-9-2-Tuesday-19-11,2025,9,2,Tuesday,19,11,20,3638903,01:00:39,181945.15,00:03:02
2025-9-2-Tuesday-20-12,2025,9,2,Tuesday,20,12,20,3653459,01:00:53,182672.95,00:03:03
2025-9-2-Tuesday-21-13,2025,9,2,Tuesday,21,13,21,3444972,00:57:25,164046.29,00:02:44
2025-9-3-Wednesday-14-6,2025,9,3,Wednesday,14,6,5,877104,00:14:37,175420.8,00:02:55
2025-9-3-Wednesday-15-7,2025,9,3,Wednesday,15,7,18,3102778,00:51:43,172376.56,00:02:52
2025-9-3-Wednesday-16-8,2025,9,3,Wednesday,16,8,19,3502578,00:58:23,184346.21,00:03:04
2025-9-3-Wednesday-17-9,2025,9,3,Wednesday,17,9,20,3638903,01:00:39,181945.15,00:03:02
2025-9-3-Wednesday-18-10,2025,9,3,Wednesday,18,10,20,3653459,01:00:53,182672.95,00:03:03
2025-9-3-Wednesday-19-11,2025,9,3,Wednesday,19,11,19,3455794,00:57:36,181883.89,00:03:02
2025-9-3-Wednesday-20-12,2025,9,3,Wednesday,20,12,21,3735849,01:02:16,177897.57,00:02:58
2025-9-3-Wednesday-21-13,2025,9,3,Wednesday,21,13,20,3602845,01:00:03,180142.25,00:03:00
2025-9-3-Wednesday-22-14,2025,9,3,Wednesday,22,14,2,204326,00:03:24,102163,00:01:42
2025-9-4-Thursday-17-9,2025,9,4,Thursday,17,9,15,2399354,00:39:59,159956.93,00:02:40
2025-9-4-Thursday-18-10,2025,9,4,Thursday,18,10,20,3659779,01:01:00,182988.95,00:03:03
2025-9-4-Thursday-19-11,2025,9,4,Thursday,19,11,20,3633876,01:00:34,181693.8,00:03:02
2025-9-4-Thursday-20-12,2025,9,4,Thursday,20,12,19,3544575,00:59:05,186556.58,00:03:07
2025-9-4-Thursday-21-13,2025,9,4,Thursday,21,13,18,3240322,00:54:00,180017.89,00:03:00
2025-9-5-Friday-14-6,2025,9,5,Friday,14,6,6,1047117,00:17:27,174519.5,00:02:55
2025-9-5-Friday-15-7,2025,9,5,Friday,15,7,19,3502578,00:58:23,184346.21,00:03:04
2025-9-5-Friday-16-8,2025,9,5,Friday,16,8,20,3638903,01:00:39,181945.15,00:03:02
2025-9-5-Friday-17-9,2025,9,5,Friday,17,9,20,3653459,01:00:53,182672.95,00:03:03
2025-9-5-Friday-18-10,2025,9,5,Friday,18,10,19,3455794,00:57:36,181883.89,00:03:02
2025-9-5-Friday-19-11,2025,9,5,Friday,19,11,21,3735849,01:02:16,177897.57,00:02:58
2025-9-5-Friday-20-12,2025,9,5,Friday,20,12,20,3602845,01:00:03,180142.25,00:03:00
2025-9-5-Friday-21-13,2025,9,5,Friday,21,13,4,636176,00:10:36,159044,00:02:39
2025-9-6-Saturday-19-11,2025,9,6,Saturday,19,11,2,328990,00:05:29,164495,00:02:44
2025-9-6-Saturday-20-12,2025,9,6,Saturday,20,12,21,3522011,00:58:42,167714.81,00:02:48
2025-9-6-Saturday-21-13,2025,9,6,Saturday,21,13,8,1321528,00:22:02,165191,00:02:45
2025-9-8-Monday-4-20,2025,9,8,Monday,4,20,17,2908835,00:48:29,171107.94,00:02:51
2025-9-8-Monday-5-21,2025,9,8,Monday,5,21,3,491899,00:08:12,163966.33,00:02:44
2025-9-8-Monday-14-6,2025,9,8,Monday,14,6,3,492078,00:08:12,164026,00:02:44
2025-9-8-Monday-15-7,2025,9,8,Monday,15,7,19,3544575,00:59:05,186556.58,00:03:07
2025-9-8-Monday-16-8,2025,9,8,Monday,16,8,22,3023165,00:50:23,137416.59,00:02:17
2025-9-8-Monday-17-9,2025,9,8,Monday,17,9,7,1265952,00:21:06,180850.29,00:03:01
2025-9-8-Monday-18-10,2025,9,8,Monday,18,10,20,3629580,01:00:30,181479,00:03:01
2025-9-8-Monday-19-11,2025,9,8,Monday,19,11,20,3646129,01:00:46,182306.45,00:03:02
2025-9-8-Monday-20-12,2025,9,8,Monday,20,12,10,1557073,00:25:57,155707.3,00:02:36
2025-9-9-Tuesday-14-6,2025,9,9,Tuesday,14,6,5,877104,00:14:37,175420.8,00:02:55
2025-9-9-Tuesday-15-7,2025,9,9,Tuesday,15,7,20,3672591,01:01:13,183629.55,00:03:04
2025-9-9-Tuesday-16-8,2025,9,9,Tuesday,16,8,19,3442219,00:57:22,181169.42,00:03:01
2025-9-9-Tuesday-17-9,2025,9,9,Tuesday,17,9,20,3654810,01:00:55,182740.5,00:03:03
2025-9-9-Tuesday-18-10,2025,9,9,Tuesday,18,10,20,3651127,01:00:51,182556.35,00:03:03
2025-9-9-Tuesday-19-11,2025,9,9,Tuesday,19,11,20,3531823,00:58:52,176591.15,00:02:57
2025-9-9-Tuesday-20-12,2025,9,9,Tuesday,20,12,10,1793968,00:29:54,179396.8,00:02:59
2025-9-10-Wednesday-14-6,2025,9,10,Wednesday,14,6,9,1586156,00:26:26,176239.56,00:02:56
2025-9-10-Wednesday-15-7,2025,9,10,Wednesday,15,7,20,3602845,01:00:03,180142.25,00:03:00
2025-9-10-Wednesday-16-8,2025,9,10,Wednesday,16,8,20,3701797,01:01:42,185089.85,00:03:05
2025-9-10-Wednesday-17-9,2025,9,10,Wednesday,17,9,19,3537111,00:58:57,186163.74,00:03:06
2025-9-10-Wednesday-18-10,2025,9,10,Wednesday,18,10,20,3618022,01:00:18,180901.1,00:03:01
2025-9-10-Wednesday-19-11,2025,9,10,Wednesday,19,11,16,2668793,00:44:29,166799.56,00:02:47
2025-9-10-Wednesday-20-12,2025,9,10,Wednesday,20,12,4,365450,00:06:05,91362.5,00:01:31
2025-9-11-Thursday-16-8,2025,9,11,Thursday,16,8,6,1050746,00:17:31,175124.33,00:02:55
2025-9-11-Thursday-17-9,2025,9,11,Thursday,17,9,23,3600489,01:00:00,156543,00:02:37
2025-9-11-Thursday-18-10,2025,9,11,Thursday,18,10,1,107152,00:01:47,107152,00:01:47
2025-9-11-Thursday-19-11,2025,9,11,Thursday,19,11,1,107152,00:01:47,107152,00:01:47
2025-9-11-Thursday-21-13,2025,9,11,Thursday,21,13,1,1564,00:00:02,1564,00:00:02
2025-9-12-Friday-17-9,2025,9,12,Friday,17,9,17,2878017,00:47:58,169295.12,00:02:49
2025-9-12-Friday-18-10,2025,9,12,Friday,18,10,20,3602845,01:00:03,180142.25,00:03:00
2025-9-12-Friday-19-11,2025,9,12,Friday,19,11,19,3534771,00:58:55,186040.58,00:03:06
2025-9-12-Friday-20-12,2025,9,12,Friday,20,12,20,3704137,01:01:44,185206.85,00:03:05
2025-9-12-Friday-21-13,2025,9,12,Friday,21,13,15,2512159,00:41:52,167477.27,00:02:47
2025-9-13-Saturday-17-9,2025,9,13,Saturday,17,9,20,3454122,00:57:34,172706.1,00:02:53
2025-9-13-Saturday-18-10,2025,9,13,Saturday,18,10,20,3643831,01:00:44,182191.55,00:03:02
2025-9-13-Saturday-19-11,2025,9,13,Saturday,19,11,19,3508414,00:58:28,184653.37,00:03:05
2025-9-13-Saturday-20-12,2025,9,13,Saturday,20,12,20,3634095,01:00:34,181704.75,00:03:02
2025-9-13-Saturday-21-13,2025,9,13,Saturday,21,13,6,942491,00:15:42,157081.83,00:02:37
2025-9-15-Monday-15-7,2025,9,15,Monday,15,7,12,2120356,00:35:20,176696.33,00:02:57
2025-9-15-Monday-16-8,2025,9,15,Monday,16,8,20,3598369,00:59:58,179918.45,00:03:00
2025-9-15-Monday-17-9,2025,9,15,Monday,17,9,20,3643831,01:00:44,182191.55,00:03:02
2025-9-15-Monday-18-10,2025,9,15,Monday,18,10,19,3508414,00:58:28,184653.37,00:03:05
2025-9-15-Monday-19-11,2025,9,15,Monday,19,11,20,3634095,01:00:34,181704.75,00:03:02
2025-9-15-Monday-20-12,2025,9,15,Monday,20,12,20,3663821,01:01:04,183191.05,00:03:03
2025-9-15-Monday-21-13,2025,9,15,Monday,21,13,20,3526422,00:58:46,176321.1,00:02:56
2025-9-15-Monday-22-14,2025,9,15,Monday,22,14,19,3116033,00:51:56,164001.74,00:02:44
2025-9-16-Tuesday-17-9,2025,9,16,Tuesday,17,9,11,1922195,00:32:02,174745,00:02:55
2025-9-16-Tuesday-18-10,2025,9,16,Tuesday,18,10,20,3659779,01:01:00,182988.95,00:03:03
2025-9-16-Tuesday-19-11,2025,9,16,Tuesday,19,11,20,3633876,01:00:34,181693.8,00:03:02
2025-9-16-Tuesday-20-12,2025,9,16,Tuesday,20,12,19,3544575,00:59:05,186556.58,00:03:07
2025-9-16-Tuesday-21-13,2025,9,16,Tuesday,21,13,12,1956244,00:32:36,163020.33,00:02:43
2025-9-17-Wednesday-15-7,2025,9,17,Wednesday,15,7,8,1231394,00:20:31,153924.25,00:02:34
2025-9-17-Wednesday-16-8,2025,9,17,Wednesday,16,8,20,3643831,01:00:44,182191.55,00:03:02
2025-9-17-Wednesday-17-9,2025,9,17,Wednesday,17,9,19,3508414,00:58:28,184653.37,00:03:05
2025-9-17-Wednesday-18-10,2025,9,17,Wednesday,18,10,21,3639119,01:00:39,173291.38,00:02:53
2025-9-17-Wednesday-19-11,2025,9,17,Wednesday,19,11,20,3656757,01:00:57,182837.85,00:03:03
2025-9-17-Wednesday-20-12,2025,9,17,Wednesday,20,12,20,3531982,00:58:52,176599.1,00:02:57
2025-9-17-Wednesday-21-13,2025,9,17,Wednesday,21,13,13,2309454,00:38:29,177650.31,00:02:58
2025-9-18-Thursday-17-9,2025,9,18,Thursday,17,9,11,1343305,00:22:23,122118.64,00:02:02
2025-9-18-Thursday-18-10,2025,9,18,Thursday,18,10,19,3475810,00:57:56,182937.37,00:03:03
2025-9-18-Thursday-19-11,2025,9,18,Thursday,19,11,20,3653459,01:00:53,182672.95,00:03:03
2025-9-18-Thursday-20-12,2025,9,18,Thursday,20,12,14,2349262,00:39:09,167804.43,00:02:48
2025-9-19-Friday-16-8,2025,9,19,Friday,16,8,3,338582,00:05:39,112860.67,00:01:53
2025-9-19-Friday-17-9,2025,9,19,Friday,17,9,21,3664684,01:01:05,174508.76,00:02:55
2025-9-19-Friday-18-10,2025,9,19,Friday,18,10,19,3477621,00:57:58,183032.68,00:03:03
2025-9-19-Friday-19-11,2025,9,19,Friday,19,11,21,3712622,01:01:53,176791.52,00:02:57
2025-9-19-Friday-20-12,2025,9,19,Friday,20,12,19,3430832,00:57:11,180570.11,00:03:01
2025-9-19-Friday-21-13,2025,9,19,Friday,21,13,20,3701797,01:01:42,185089.85,00:03:05
2025-9-19-Friday-22-14,2025,9,19,Friday,22,14,14,2108953,00:35:09,150639.5,00:02:31
2025-9-19-Friday-23-15,2025,9,19,Friday,23,15,15,2302994,00:38:23,153532.93,00:02:34
2025-9-20-Saturday-21-13,2025,9,20,Saturday,21,13,5,615818,00:10:16,123163.6,00:02:03
2025-9-22-Monday-16-8,2025,9,22,Monday,16,8,6,1047117,00:17:27,174519.5,00:02:55
2025-9-22-Monday-17-9,2025,9,22,Monday,17,9,20,3665671,01:01:06,183283.55,00:03:03
2025-9-22-Monday-18-10,2025,9,22,Monday,18,10,19,3475810,00:57:56,182937.37,00:03:03
2025-9-22-Monday-19-11,2025,9,22,Monday,19,11,20,3653459,01:00:53,182672.95,00:03:03
2025-9-22-Monday-20-12,2025,9,22,Monday,20,12,20,3651034,01:00:51,182551.7,00:03:03
2025-9-22-Monday-21-13,2025,9,22,Monday,21,13,4,610033,00:10:10,152508.25,00:02:33
2025-9-23-Tuesday-16-8,2025,9,23,Tuesday,16,8,7,1229130,00:20:29,175590,00:02:56
2025-9-23-Tuesday-17-9,2025,9,23,Tuesday,17,9,20,3643831,01:00:44,182191.55,00:03:02
2025-9-23-Tuesday-18-10,2025,9,23,Tuesday,18,10,19,3508414,00:58:28,184653.37,00:03:05
2025-9-23-Tuesday-19-11,2025,9,23,Tuesday,19,11,20,3634095,01:00:34,181704.75,00:03:02
2025-9-23-Tuesday-20-12,2025,9,23,Tuesday,20,12,20,3663821,01:01:04,183191.05,00:03:03
2025-9-23-Tuesday-21-13,2025,9,23,Tuesday,21,13,22,3597371,00:59:57,163516.86,00:02:44
2025-9-23-Tuesday-22-14,2025,9,23,Tuesday,22,14,3,378680,00:06:19,126226.67,00:02:06
2025-9-24-Wednesday-17-9,2025,9,24,Wednesday,17,9,15,2747966,00:45:48,183197.73,00:03:03
2025-9-24-Wednesday-18-10,2025,9,24,Wednesday,18,10,20,3668587,01:01:09,183429.35,00:03:03
2025-9-24-Wednesday-19-11,2025,9,24,Wednesday,19,11,20,3634095,01:00:34,181704.75,00:03:02
2025-9-24-Wednesday-20-12,2025,9,24,Wednesday,20,12,19,3477621,00:57:58,183032.68,00:03:03
2025-9-24-Wednesday-21-13,2025,9,24,Wednesday,21,13,8,1332371,00:22:12,166546.38,00:02:47
2025-9-25-Thursday-17-9,2025,9,25,Thursday,17,9,20,3545048,00:59:05,177252.4,00:02:57
2025-9-25-Thursday-18-10,2025,9,25,Thursday,18,10,19,3431581,00:57:12,180609.53,00:03:01
2025-9-25-Thursday-19-11,2025,9,25,Thursday,19,11,21,3751369,01:02:31,178636.62,00:02:59
2025-9-25-Thursday-20-12,2025,9,25,Thursday,20,12,19,3490831,00:58:11,183727.95,00:03:04
2025-9-25-Thursday-21-13,2025,9,25,Thursday,21,13,6,890256,00:14:50,148376,00:02:28
2025-9-26-Friday-17-9,2025,9,26,Friday,17,9,18,3291622,00:54:52,182867.89,00:03:03
2025-9-26-Friday-18-10,2025,9,26,Friday,18,10,19,3521895,00:58:42,185362.89,00:03:05
2025-9-26-Friday-19-11,2025,9,26,Friday,19,11,20,3656757,01:00:57,182837.85,00:03:03
2025-9-26-Friday-20-12,2025,9,26,Friday,20,12,20,3531982,00:58:52,176599.1,00:02:57
2025-9-26-Friday-21-13,2025,9,26,Friday,21,13,20,3614753,01:00:15,180737.65,00:03:01
2025-9-26-Friday-22-14,2025,9,26,Friday,22,14,7,1287638,00:21:28,183948.29,00:03:04
2025-9-27-Saturday-17-9,2025,9,27,Saturday,17,9,19,3131399,00:52:11,164810.47,00:02:45
2025-9-27-Saturday-18-10,2025,9,27,Saturday,18,10,11,1759509,00:29:20,159955.36,00:02:40
2025-9-27-Saturday-19-11,2025,9,27,Saturday,19,11,12,1785127,00:29:45,148760.58,00:02:29
2025-9-27-Saturday-20-12,2025,9,27,Saturday,20,12,19,3311854,00:55:12,174308.11,00:02:54
2025-9-28-Sunday-16-8,2025,9,28,Sunday,16,8,10,1904325,00:31:44,190432.5,00:03:10
2025-9-28-Sunday-17-9,2025,9,28,Sunday,17,9,13,2194265,00:36:34,168789.62,00:02:49
2025-9-28-Sunday-20-12,2025,9,28,Sunday,20,12,6,731431,00:12:11,121905.17,00:02:02
2025-9-28-Sunday-21-13,2025,9,28,Sunday,21,13,4,611675,00:10:12,152918.75,00:02:33
2025-9-29-Monday-2-18,2025,9,29,Monday,2,18,1,1025,00:00:01,1025,00:00:01
2025-9-29-Monday-16-8,2025,9,29,Monday,16,8,6,1057078,00:17:37,176179.67,00:02:56
2025-9-29-Monday-17-9,2025,9,29,Monday,17,9,20,3610232,01:00:10,180511.6,00:03:01
2025-9-29-Monday-18-10,2025,9,29,Monday,18,10,19,3522397,00:58:42,185389.32,00:03:05
2025-9-29-Monday-19-11,2025,9,29,Monday,19,11,20,3685921,01:01:26,184296.05,00:03:04
2025-9-29-Monday-20-12,2025,9,29,Monday,20,12,20,3656757,01:00:57,182837.85,00:03:03
2025-9-29-Monday-21-13,2025,9,29,Monday,21,13,13,2201358,00:36:41,169335.23,00:02:49
2025-9-30-Tuesday-15-7,2025,9,30,Tuesday,15,7,18,3212903,00:53:33,178494.61,00:02:58
2025-9-30-Tuesday-16-8,2025,9,30,Tuesday,16,8,20,3643109,01:00:43,182155.45,00:03:02
2025-9-30-Tuesday-17-9,2025,9,30,Tuesday,17,9,20,3622656,01:00:23,181132.8,00:03:01
2025-9-30-Tuesday-18-10,2025,9,30,Tuesday,18,10,20,3612367,01:00:12,180618.35,00:03:01
2025-9-30-Tuesday-19-11,2025,9,30,Tuesday,19,11,20,3598369,00:59:58,179918.45,00:03:00
2025-9-30-Tuesday-20-12,2025,9,30,Tuesday,20,12,19,3483658,00:58:04,183350.42,00:03:03
2025-9-30-Tuesday-21-13,2025,9,30,Tuesday,21,13,4,549609,00:09:10,137402.25,00:02:17
2025-10-1-Wednesday-14-6,2025,10,1,Wednesday,14,6,4,670287,00:11:10,167571.75,00:02:48
2025-10-1-Wednesday-15-7,2025,10,1,Wednesday,15,7,19,3492196,00:58:12,183799.79,00:03:04
2025-10-1-Wednesday-16-8,2025,10,1,Wednesday,16,8,20,3674964,01:01:15,183748.2,00:03:04
2025-10-1-Wednesday-17-9,2025,10,1,Wednesday,17,9,20,3615859,01:00:16,180792.95,00:03:01
2025-10-1-Wednesday-18-10,2025,10,1,Wednesday,18,10,19,3474024,00:57:54,182843.37,00:03:03
2025-10-1-Wednesday-19-11,2025,10,1,Wednesday,19,11,20,3612367,01:00:12,180618.35,00:03:01
2025-10-1-Wednesday-20-12,2025,10,1,Wednesday,20,12,20,3598369,00:59:58,179918.45,00:03:00
2025-10-1-Wednesday-21-13,2025,10,1,Wednesday,21,13,20,3643831,01:00:44,182191.55,00:03:02
2025-10-1-Wednesday-22-14,2025,10,1,Wednesday,22,14,18,3245009,00:54:05,180278.28,00:03:00
2025-10-3-Friday-5-21,2025,10,3,Friday,5,21,2,137012,00:02:17,68506,00:01:09
2025-10-3-Friday-15-7,2025,10,3,Friday,15,7,16,2737238,00:45:37,171077.38,00:02:51
2025-10-3-Friday-16-8,2025,10,3,Friday,16,8,20,3625353,01:00:25,181267.65,00:03:01
2025-10-3-Friday-17-9,2025,10,3,Friday,17,9,20,3332942,00:55:33,166647.1,00:02:47
2025-10-3-Friday-18-10,2025,10,3,Friday,18,10,18,3183128,00:53:03,176840.44,00:02:57
2025-10-3-Friday-20-12,2025,10,3,Friday,20,12,9,1481383,00:24:41,164598.11,00:02:45
2025-10-3-Friday-21-13,2025,10,3,Friday,21,13,16,2738785,00:45:39,171174.06,00:02:51
2025-10-6-Monday-15-7,2025,10,6,Monday,15,7,10,1758169,00:29:18,175816.9,00:02:56
2025-10-6-Monday-16-8,2025,10,6,Monday,16,8,20,3610232,01:00:10,180511.6,00:03:01
2025-10-6-Monday-17-9,2025,10,6,Monday,17,9,19,3522397,00:58:42,185389.32,00:03:05
2025-10-6-Monday-18-10,2025,10,6,Monday,18,10,20,3685921,01:01:26,184296.05,00:03:04
2025-10-6-Monday-19-11,2025,10,6,Monday,19,11,19,3469212,00:57:49,182590.11,00:03:03
2025-10-6-Monday-20-12,2025,10,6,Monday,20,12,21,3719527,01:02:00,177120.33,00:02:57
2025-10-6-Monday-21-13,2025,10,6,Monday,21,13,10,1767545,00:29:28,176754.5,00:02:57
2025-10-7-Tuesday-14-6,2025,10,7,Tuesday,14,6,2,290611,00:04:51,145305.5,00:02:25
2025-10-7-Tuesday-15-7,2025,10,7,Tuesday,15,7,20,3615859,01:00:16,180792.95,00:03:01
2025-10-7-Tuesday-16-8,2025,10,7,Tuesday,16,8,20,3654810,01:00:55,182740.5,00:03:03
2025-10-7-Tuesday-17-9,2025,10,7,Tuesday,17,9,20,3651127,01:00:51,182556.35,00:03:03
2025-10-7-Tuesday-18-10,2025,10,7,Tuesday,18,10,20,3531823,00:58:52,176591.15,00:02:57
2025-10-7-Tuesday-19-11,2025,10,7,Tuesday,19,11,20,3659471,01:00:59,182973.55,00:03:03
2025-10-7-Tuesday-20-12,2025,10,7,Tuesday,20,12,19,3528824,00:58:49,185727.58,00:03:06
2025-10-7-Tuesday-21-13,2025,10,7,Tuesday,21,13,20,3636138,01:00:36,181806.9,00:03:02
2025-10-7-Tuesday-22-14,2025,10,7,Tuesday,22,14,20,3648608,01:00:49,182430.4,00:03:02
2025-10-7-Tuesday-23-15,2025,10,7,Tuesday,23,15,10,1744296,00:29:04,174429.6,00:02:54
2025-10-8-Wednesday-16-8,2025,10,8,Wednesday,16,8,2,179140,00:02:59,89570,00:01:30
2025-10-8-Wednesday-17-9,2025,10,8,Wednesday,17,9,19,3521895,00:58:42,185362.89,00:03:05
2025-10-8-Wednesday-18-10,2025,10,8,Wednesday,18,10,7,1020034,00:17:00,145719.14,00:02:26
2025-10-8-Wednesday-19-11,2025,10,8,Wednesday,19,11,19,3508414,00:58:28,184653.37,00:03:05
2025-10-8-Wednesday-20-12,2025,10,8,Wednesday,20,12,20,3634095,01:00:34,181704.75,00:03:02
2025-10-8-Wednesday-21-13,2025,10,8,Wednesday,21,13,19,3477621,00:57:58,183032.68,00:03:03
2025-10-8-Wednesday-22-14,2025,10,8,Wednesday,22,14,9,1521620,00:25:22,169068.89,00:02:49
2025-10-9-Thursday-17-9,2025,10,9,Thursday,17,9,15,2772972,00:46:13,184864.8,00:03:05
2025-10-9-Thursday-18-10,2025,10,9,Thursday,18,10,18,3259732,00:54:20,181096.22,00:03:01
2025-10-9-Thursday-23-15,2025,10,9,Thursday,23,15,9,1499116,00:24:59,166568.44,00:02:47
2025-10-10-Friday-14-6,2025,10,10,Friday,14,6,8,1438720,00:23:59,179840,00:03:00
2025-10-10-Friday-15-7,2025,10,10,Friday,15,7,19,3597317,00:59:57,189332.47,00:03:09
2025-10-10-Friday-16-8,2025,10,10,Friday,16,8,19,3497707,00:58:18,184089.84,00:03:04
2025-10-10-Friday-17-9,2025,10,10,Friday,17,9,19,3531329,00:58:51,185859.42,00:03:06
2025-10-10-Friday-18-10,2025,10,10,Friday,18,10,20,3731476,01:02:11,186573.8,00:03:07
2025-10-10-Friday-19-11,2025,10,10,Friday,19,11,10,1789259,00:29:49,178925.9,00:02:59
2025-10-13-Monday-15-7,2025,10,13,Monday,15,7,6,1047117,00:17:27,174519.5,00:02:55
2025-10-13-Monday-16-8,2025,10,13,Monday,16,8,8,1464677,00:24:25,183084.63,00:03:03
2025-10-13-Monday-17-9,2025,10,13,Monday,17,9,20,3629580,01:00:30,181479,00:03:01
2025-10-13-Monday-18-10,2025,10,13,Monday,18,10,12,2256615,00:37:37,188051.25,00:03:08
2025-10-13-Monday-19-11,2025,10,13,Monday,19,11,20,3634095,01:00:34,181704.75,00:03:02
2025-10-13-Monday-20-12,2025,10,13,Monday,20,12,20,3663821,01:01:04,183191.05,00:03:03
2025-10-13-Monday-21-13,2025,10,13,Monday,21,13,20,3526422,00:58:46,176321.1,00:02:56
2025-10-13-Monday-22-14,2025,10,13,Monday,22,14,17,2961469,00:49:21,174204.06,00:02:54
2025-10-14-Tuesday-15-7,2025,10,14,Tuesday,15,7,12,2235888,00:37:16,186324,00:03:06
2025-10-14-Tuesday-16-8,2025,10,14,Tuesday,16,8,21,3690448,01:01:30,175735.62,00:02:56
2025-10-14-Tuesday-17-9,2025,10,14,Tuesday,17,9,19,3446206,00:57:26,181379.26,00:03:01
2025-10-14-Tuesday-18-10,2025,10,14,Tuesday,18,10,20,3686423,01:01:26,184321.15,00:03:04
2025-10-14-Tuesday-19-11,2025,10,14,Tuesday,19,11,19,3521895,00:58:42,185362.89,00:03:05
2025-10-14-Tuesday-20-12,2025,10,14,Tuesday,20,12,12,2079720,00:34:40,173310,00:02:53
2025-10-15-Wednesday-15-7,2025,10,15,Wednesday,15,7,6,1107265,00:18:27,184544.17,00:03:05
2025-10-15-Wednesday-16-8,2025,10,15,Wednesday,16,8,1,30013,00:00:30,30013,00:00:30
2025-10-15-Wednesday-17-9,2025,10,15,Wednesday,17,9,17,3240448,00:54:00,190614.59,00:03:11
2025-10-15-Wednesday-18-10,2025,10,15,Wednesday,18,10,19,3749365,01:02:29,197335,00:03:17
2025-10-15-Wednesday-19-11,2025,10,15,Wednesday,19,11,16,3045058,00:50:45,190316.13,00:03:10
2025-10-15-Wednesday-20-12,2025,10,15,Wednesday,20,12,17,3066396,00:51:06,180376.24,00:03:00
2025-10-16-Thursday-17-9,2025,10,16,Thursday,17,9,17,3061423,00:51:01,180083.71,00:03:00
2025-10-16-Thursday-18-10,2025,10,16,Thursday,18,10,11,1878796,00:31:19,170799.64,00:02:51
2025-10-17-Friday-14-6,2025,10,17,Friday,14,6,5,1073953,00:17:54,214790.6,00:03:35
2025-10-17-Friday-15-7,2025,10,17,Friday,15,7,21,3803195,01:03:23,181104.52,00:03:01
2025-10-17-Friday-16-8,2025,10,17,Friday,16,8,19,3510139,00:58:30,184744.16,00:03:05
2025-10-17-Friday-17-9,2025,10,17,Friday,17,9,19,3531179,00:58:51,185851.53,00:03:06
2025-10-17-Friday-18-10,2025,10,17,Friday,18,10,20,3707960,01:01:48,185398,00:03:05
2025-10-17-Friday-19-11,2025,10,17,Friday,19,11,4,680609,00:11:21,170152.25,00:02:50
2025-10-17-Friday-20-12,2025,10,17,Friday,20,12,18,3277434,00:54:37,182079.67,00:03:02
2025-10-17-Friday-21-13,2025,10,17,Friday,21,13,3,487162,00:08:07,162387.33,00:02:42
2025-10-19-Sunday-5-21,2025,10,19,Sunday,5,21,14,2392072,00:39:52,170862.29,00:02:51
2025-10-20-Monday-16-8,2025,10,20,Monday,16,8,4,743367,00:12:23,185841.75,00:03:06
2025-10-20-Monday-17-9,2025,10,20,Monday,17,9,19,3548593,00:59:09,186768.05,00:03:07
2025-10-20-Monday-18-10,2025,10,20,Monday,18,10,20,3711301,01:01:51,185565.05,00:03:06
2025-10-20-Monday-19-11,2025,10,20,Monday,19,11,19,3531337,00:58:51,185859.84,00:03:06
2025-10-20-Monday-20-12,2025,10,20,Monday,20,12,19,3539953,00:59:00,186313.32,00:03:06
2025-10-20-Monday-21-13,2025,10,20,Monday,21,13,20,3576997,00:59:37,178849.85,00:02:59
2025-10-21-Tuesday-16-8,2025,10,21,Tuesday,16,8,7,1229133,00:20:29,175590.43,00:02:56
2025-10-21-Tuesday-17-9,2025,10,21,Tuesday,17,9,20,3663836,01:01:04,183191.8,00:03:03
2025-10-21-Tuesday-18-10,2025,10,21,Tuesday,18,10,20,3656759,01:00:57,182837.95,00:03:03
2025-10-21-Tuesday-19-11,2025,10,21,Tuesday,19,11,20,3531991,00:58:52,176599.55,00:02:57
2025-10-21-Tuesday-20-12,2025,10,21,Tuesday,20,12,20,3614758,01:00:15,180737.9,00:03:01
2025-10-21-Tuesday-21-13,2025,10,21,Tuesday,21,13,10,1693617,00:28:14,169361.7,00:02:49
2025-10-22-Wednesday-16-8,2025,10,22,Wednesday,16,8,1,1457,00:00:01,1457,00:00:01
2025-10-22-Wednesday-17-9,2025,10,22,Wednesday,17,9,21,3504198,00:58:24,166866.57,00:02:47
2025-10-22-Wednesday-18-10,2025,10,22,Wednesday,18,10,20,3659785,01:01:00,182989.25,00:03:03
2025-10-22-Wednesday-19-11,2025,10,22,Wednesday,19,11,20,3633883,01:00:34,181694.15,00:03:02
2025-10-22-Wednesday-20-12,2025,10,22,Wednesday,20,12,19,3544583,00:59:05,186557,00:03:07
2025-10-22-Wednesday-21-13,2025,10,22,Wednesday,21,13,13,2149734,00:35:50,165364.15,00:02:45
2025-10-23-Thursday-17-9,2025,10,23,Thursday,17,9,20,3515944,00:58:36,175797.2,00:02:56
2025-10-23-Thursday-18-10,2025,10,23,Thursday,18,10,11,1622500,00:27:03,147500,00:02:28
2025-10-24-Friday-16-8,2025,10,24,Friday,16,8,6,909294,00:15:09,151549,00:02:32
2025-10-24-Friday-17-9,2025,10,24,Friday,17,9,20,3701802,01:01:42,185090.1,00:03:05
2025-10-24-Friday-18-10,2025,10,24,Friday,18,10,19,3537120,00:58:57,186164.21,00:03:06
2025-10-24-Friday-19-11,2025,10,24,Friday,19,11,20,3618024,01:00:18,180901.2,00:03:01
2025-10-24-Friday-20-12,2025,10,24,Friday,20,12,20,3533043,00:58:53,176652.15,00:02:57
2025-10-24-Friday-21-13,2025,10,24,Friday,21,13,11,2011283,00:33:31,182843.91,00:03:03
2025-10-27-Monday-16-8,2025,10,27,Monday,16,8,17,2988720,00:49:49,175807.06,00:02:56
2025-10-27-Monday-17-9,2025,10,27,Monday,17,9,20,3514576,00:58:35,175728.8,00:02:56
2025-10-27-Monday-18-10,2025,10,27,Monday,18,10,20,3659785,01:01:00,182989.25,00:03:03
2025-10-27-Monday-19-11,2025,10,27,Monday,19,11,20,3633883,01:00:34,181694.15,00:03:02
2025-10-27-Monday-20-12,2025,10,27,Monday,20,12,8,1287002,00:21:27,160875.25,00:02:41
2025-10-28-Tuesday-14-6,2025,10,28,Tuesday,14,6,3,492081,00:08:12,164027,00:02:44
2025-10-28-Tuesday-15-7,2025,10,28,Tuesday,15,7,19,3544583,00:59:05,186557,00:03:07
2025-10-28-Tuesday-16-8,2025,10,28,Tuesday,16,8,20,3621103,01:00:21,181055.15,00:03:01
2025-10-28-Tuesday-17-9,2025,10,28,Tuesday,17,9,20,3561207,00:59:21,178060.35,00:02:58
2025-10-28-Tuesday-18-10,2025,10,28,Tuesday,18,10,20,3629584,01:00:30,181479.2,00:03:01
2025-10-28-Tuesday-19-11,2025,10,28,Tuesday,19,11,20,3646136,01:00:46,182306.8,00:03:02
2025-10-28-Tuesday-20-12,2025,10,28,Tuesday,20,12,19,3502586,00:58:23,184346.63,00:03:04
2025-10-28-Tuesday-21-13,2025,10,28,Tuesday,21,13,21,3674885,01:01:15,174994.52,00:02:55
2025-10-28-Tuesday-23-15,2025,10,28,Tuesday,23,15,1,7990,00:00:08,7990,00:00:08
2025-10-29-Wednesday-17-9,2025,10,29,Wednesday,17,9,15,2701010,00:45:01,180067.33,00:03:00
2025-10-29-Wednesday-18-10,2025,10,29,Wednesday,18,10,20,3612370,01:00:12,180618.5,00:03:01
2025-10-29-Wednesday-19-11,2025,10,29,Wednesday,19,11,20,3598376,00:59:58,179918.8,00:03:00
2025-10-29-Wednesday-20-12,2025,10,29,Wednesday,20,12,20,3643839,01:00:44,182191.95,00:03:02
2025-10-29-Wednesday-21-13,2025,10,29,Wednesday,21,13,19,3508417,00:58:28,184653.53,00:03:05
2025-10-29-Wednesday-22-14,2025,10,29,Wednesday,22,14,20,3634105,01:00:34,181705.25,00:03:02
2025-10-29-Wednesday-23-15,2025,10,29,Wednesday,23,15,2,231603,00:03:52,115801.5,00:01:56
2025-10-31-Friday-1-17,2025,10,31,Friday,1,17,6,917316,00:15:17,152886,00:02:33
2025-10-31-Friday-16-8,2025,10,31,Friday,16,8,9,1581265,00:26:21,175696.11,00:02:56
2025-10-31-Friday-17-9,2025,10,31,Friday,17,9,19,3508417,00:58:28,184653.53,00:03:05
2025-10-31-Friday-18-10,2025,10,31,Friday,18,10,20,3634105,01:00:34,181705.25,00:03:02
2025-10-31-Friday-19-11,2025,10,31,Friday,19,11,19,3477624,00:57:58,183032.84,00:03:03
2025-10-31-Friday-20-12,2025,10,31,Friday,20,12,21,3712629,01:01:53,176791.86,00:02:57
2025-10-31-Friday-21-13,2025,10,31,Friday,21,13,20,3610239,01:00:10,180511.95,00:03:01
2025-10-31-Friday-22-14,2025,10,31,Friday,22,14,19,3522402,00:58:42,185389.58,00:03:05
2025-10-31-Friday-23-15,2025,10,31,Friday,23,15,13,2240896,00:37:21,172376.62,00:02:52
2025-11-1-Saturday-14-6,2025,11,1,Saturday,14,6,7,1229133,00:20:29,175590.43,00:02:56
2025-11-1-Saturday-15-7,2025,11,1,Saturday,15,7,9,1633381,00:27:13,181486.78,00:03:01
2025-11-1-Saturday-16-8,2025,11,1,Saturday,16,8,1,10145,00:00:10,10145,00:00:10
2025-11-1-Saturday-17-9,2025,11,1,Saturday,17,9,10,1576742,00:26:17,157674.2,00:02:38
2025-11-1-Saturday-18-10,2025,11,1,Saturday,18,10,6,741640,00:12:22,123606.67,00:02:04
2025-11-2-Sunday-15-7,2025,11,2,Sunday,15,7,8,1337689,00:22:18,167211.13,00:02:47
2025-11-2-Sunday-16-8,2025,11,2,Sunday,16,8,4,568445,00:09:28,142111.25,00:02:22
2025-11-3-Monday-20-12,2025,11,3,Monday,20,12,4,599804,00:10:00,149951,00:02:30
2025-11-3-Monday-21-13,2025,11,3,Monday,21,13,19,3522402,00:58:42,185389.58,00:03:05
2025-11-3-Monday-22-14,2025,11,3,Monday,22,14,16,2916407,00:48:36,182275.44,00:03:02
2025-11-4-Tuesday-15-7,2025,11,4,Tuesday,15,7,3,399381,00:06:39,133127,00:02:13
2025-11-4-Tuesday-16-8,2025,11,4,Tuesday,16,8,19,3472731,00:57:53,182775.32,00:03:03
2025-11-4-Tuesday-17-9,2025,11,4,Tuesday,17,9,21,3690456,01:01:30,175736,00:02:56
2025-11-4-Tuesday-18-10,2025,11,4,Tuesday,18,10,19,3446212,00:57:26,181379.58,00:03:01
2025-11-4-Tuesday-19-11,2025,11,4,Tuesday,19,11,20,3686429,01:01:26,184321.45,00:03:04
2025-11-4-Tuesday-20-12,2025,11,4,Tuesday,20,12,20,3705610,01:01:46,185280.5,00:03:05
2025-11-4-Tuesday-21-13,2025,11,4,Tuesday,21,13,19,3473052,00:57:53,182792.21,00:03:03
2025-11-4-Tuesday-22-14,2025,11,4,Tuesday,22,14,16,2687784,00:44:48,167986.5,00:02:48
2025-11-5-Wednesday-15-7,2025,11,5,Wednesday,15,7,19,3491333,00:58:11,183754.37,00:03:04
2025-11-5-Wednesday-16-8,2025,11,5,Wednesday,16,8,19,3508417,00:58:28,184653.53,00:03:05
2025-11-5-Wednesday-17-9,2025,11,5,Wednesday,17,9,20,3634105,01:00:34,181705.25,00:03:02
2025-11-5-Wednesday-18-10,2025,11,5,Wednesday,18,10,19,3477624,00:57:58,183032.84,00:03:03
2025-11-5-Wednesday-19-11,2025,11,5,Wednesday,19,11,21,3712629,01:01:53,176791.86,00:02:57
2025-11-5-Wednesday-20-12,2025,11,5,Wednesday,20,12,20,3610239,01:00:10,180511.95,00:03:01
2025-11-5-Wednesday-21-13,2025,11,5,Wednesday,21,13,19,3522402,00:58:42,185389.58,00:03:05
2025-11-5-Wednesday-22-14,2025,11,5,Wednesday,22,14,13,2126787,00:35:27,163599,00:02:44
2025-11-5-Wednesday-23-15,2025,11,5,Wednesday,23,15,1,4440,00:00:04,4440,00:00:04
2025-11-6-Thursday-17-9,2025,11,6,Thursday,17,9,3,448377,00:07:28,149459,00:02:29
2025-11-6-Thursday-18-10,2025,11,6,Thursday,18,10,20,3612370,01:00:12,180618.5,00:03:01
2025-11-6-Thursday-19-11,2025,11,6,Thursday,19,11,20,3598376,00:59:58,179918.8,00:03:00
2025-11-6-Thursday-20-12,2025,11,6,Thursday,20,12,20,3643839,01:00:44,182191.95,00:03:02
2025-11-6-Thursday-21-13,2025,11,6,Thursday,21,13,19,3508417,00:58:28,184653.53,00:03:05
2025-11-6-Thursday-22-14,2025,11,6,Thursday,22,14,20,3634105,01:00:34,181705.25,00:03:02
2025-11-6-Thursday-23-15,2025,11,6,Thursday,23,15,20,3663824,01:01:04,183191.2,00:03:03
2025-11-7-Friday-0-16,2025,11,7,Friday,0,16,20,3526429,00:58:46,176321.45,00:02:56
2025-11-7-Friday-1-17,2025,11,7,Friday,1,17,1,153430,00:02:33,153430,00:02:33
2025-11-7-Friday-15-7,2025,11,7,Friday,15,7,18,3130023,00:52:10,173890.17,00:02:54
2025-11-7-Friday-16-8,2025,11,7,Friday,16,8,19,3528828,00:58:49,185727.79,00:03:06
2025-11-7-Friday-17-9,2025,11,7,Friday,17,9,20,3636147,01:00:36,181807.35,00:03:02
2025-11-7-Friday-18-10,2025,11,7,Friday,18,10,19,3472731,00:57:53,182775.32,00:03:03
2025-11-7-Friday-19-11,2025,11,7,Friday,19,11,21,3690456,01:01:30,175736,00:02:56
2025-11-7-Friday-20-12,2025,11,7,Friday,20,12,20,3659785,01:01:00,182989.25,00:03:03
2025-11-7-Friday-21-13,2025,11,7,Friday,21,13,19,3472856,00:57:53,182781.89,00:03:03
2025-11-7-Friday-22-14,2025,11,7,Friday,22,14,5,890409,00:14:50,178081.8,00:02:58
2025-11-10-Monday-19-11,2025,11,10,Monday,19,11,2,168961,00:02:49,84480.5,00:01:24
2025-11-10-Monday-20-12,2025,11,10,Monday,20,12,19,3537120,00:58:57,186164.21,00:03:06
2025-11-10-Monday-21-13,2025,11,10,Monday,21,13,20,3618024,01:00:18,180901.2,00:03:01
2025-11-10-Monday-22-14,2025,11,10,Monday,22,14,20,3443829,00:57:24,172191.45,00:02:52
2025-11-10-Monday-23-15,2025,11,10,Monday,23,15,20,3657260,01:00:57,182863,00:03:03
2025-11-11-Tuesday-0-16,2025,11,11,Tuesday,0,16,7,1242583,00:20:43,177511.86,00:02:58
2025-11-11-Tuesday-16-8,2025,11,11,Tuesday,16,8,16,2776334,00:46:16,173520.88,00:02:54
2025-11-11-Tuesday-17-9,2025,11,11,Tuesday,17,9,20,3672599,01:01:13,183629.95,00:03:04
2025-11-11-Tuesday-18-10,2025,11,11,Tuesday,18,10,20,3638906,01:00:39,181945.3,00:03:02
2025-11-11-Tuesday-19-11,2025,11,11,Tuesday,19,11,19,3458136,00:57:38,182007.16,00:03:02
2025-11-11-Tuesday-20-12,2025,11,11,Tuesday,20,12,20,3651130,01:00:51,182556.5,00:03:03
2025-11-11-Tuesday-21-13,2025,11,11,Tuesday,21,13,20,3531829,00:58:52,176591.45,00:02:57
2025-11-11-Tuesday-22-14,2025,11,11,Tuesday,22,14,6,987850,00:16:28,164641.67,00:02:45
2025-11-12-Wednesday-23-15,2025,11,12,Wednesday,23,15,17,2998443,00:49:58,176379,00:02:56
2025-11-13-Thursday-0-16,2025,11,13,Thursday,0,16,17,3144825,00:52:25,184989.71,00:03:05
2025-11-13-Thursday-18-10,2025,11,13,Thursday,18,10,7,673140,00:11:13,96162.86,00:01:36
2025-11-13-Thursday-19-11,2025,11,13,Thursday,19,11,11,1604439,00:26:44,145858.09,00:02:26
2025-11-13-Thursday-20-12,2025,11,13,Thursday,20,12,19,3483666,00:58:04,183350.84,00:03:03
2025-11-13-Thursday-21-13,2025,11,13,Thursday,21,13,20,3668590,01:01:09,183429.5,00:03:03
2025-11-13-Thursday-22-14,2025,11,13,Thursday,22,14,20,3634105,01:00:34,181705.25,00:03:02
2025-11-13-Thursday-23-15,2025,11,13,Thursday,23,15,19,3477624,00:57:58,183032.84,00:03:03
2025-11-14-Friday-0-16,2025,11,14,Friday,0,16,21,3712629,01:01:53,176791.86,00:02:57
2025-11-14-Friday-1-17,2025,11,14,Friday,1,17,9,1249005,00:20:49,138778.33,00:02:19
2025-11-14-Friday-15-7,2025,11,14,Friday,15,7,5,959214,00:15:59,191842.8,00:03:12
2025-11-14-Friday-16-8,2025,11,14,Friday,16,8,20,3647367,01:00:47,182368.35,00:03:02
2025-11-14-Friday-17-9,2025,11,14,Friday,17,9,19,3587131,00:59:47,188796.37,00:03:09
2025-11-14-Friday-18-10,2025,11,14,Friday,18,10,19,3524297,00:58:44,185489.32,00:03:05
2025-11-14-Friday-19-11,2025,11,14,Friday,19,11,19,3525858,00:58:46,185571.47,00:03:06
2025-11-14-Friday-20-12,2025,11,14,Friday,20,12,20,3721069,01:02:01,186053.45,00:03:06
2025-11-14-Friday-21-13,2025,11,14,Friday,21,13,19,3535872,00:58:56,186098.53,00:03:06
2025-11-14-Friday-22-14,2025,11,14,Friday,22,14,2,176070,00:02:56,88035,00:01:28
2025-11-16-Sunday-18-10,2025,11,16,Sunday,18,10,7,1041329,00:17:21,148761.29,00:02:29
2025-11-16-Sunday-19-11,2025,11,16,Sunday,19,11,21,3697336,01:01:37,176063.62,00:02:56
2025-11-16-Sunday-20-12,2025,11,16,Sunday,20,12,7,1175973,00:19:36,167996.14,00:02:48
2025-11-17-Monday-21-13,2025,11,17,Monday,21,13,14,2639158,00:43:59,188511.29,00:03:09
2025-11-17-Monday-22-14,2025,11,17,Monday,22,14,19,3510139,00:58:30,184744.16,00:03:05
2025-11-17-Monday-23-15,2025,11,17,Monday,23,15,20,3713403,01:01:53,185670.15,00:03:06
2025-11-18-Tuesday-0-16,2025,11,18,Tuesday,0,16,8,1351385,00:22:31,168923.13,00:02:49
2025-11-18-Tuesday-16-8,2025,11,18,Tuesday,16,8,20,3638291,01:00:38,181914.55,00:03:02
2025-11-18-Tuesday-17-9,2025,11,18,Tuesday,17,9,19,3597327,00:59:57,189333,00:03:09
2025-11-18-Tuesday-18-10,2025,11,18,Tuesday,18,10,19,3497714,00:58:18,184090.21,00:03:04
2025-11-18-Tuesday-19-11,2025,11,18,Tuesday,19,11,18,3254291,00:54:14,180793.94,00:03:01
2025-11-18-Tuesday-20-12,2025,11,18,Tuesday,20,12,19,3535872,00:58:56,186098.53,00:03:06
2025-11-18-Tuesday-21-13,2025,11,18,Tuesday,21,13,16,2815235,00:46:55,175952.19,00:02:56
2025-11-18-Tuesday-22-14,2025,11,18,Tuesday,22,14,20,3697684,01:01:38,184884.2,00:03:05
2025-11-18-Tuesday-23-15,2025,11,18,Tuesday,23,15,19,3525858,00:58:46,185571.47,00:03:06
2025-11-19-Wednesday-0-16,2025,11,19,Wednesday,0,16,6,919391,00:15:19,153231.83,00:02:33
2025-11-19-Wednesday-15-7,2025,11,19,Wednesday,15,7,9,1499720,00:25:00,166635.56,00:02:47
2025-11-19-Wednesday-16-8,2025,11,19,Wednesday,16,8,20,3629121,01:00:29,181456.05,00:03:01
2025-11-19-Wednesday-17-9,2025,11,19,Wednesday,17,9,21,3510195,00:58:30,167152.14,00:02:47
2025-11-19-Wednesday-18-10,2025,11,19,Wednesday,18,10,21,3648609,01:00:49,173743.29,00:02:54
2025-11-19-Wednesday-19-11,2025,11,19,Wednesday,19,11,18,3463647,00:57:44,192424.83,00:03:12
2025-11-19-Wednesday-20-12,2025,11,19,Wednesday,20,12,20,3759541,01:02:40,187977.05,00:03:08
2025-11-19-Wednesday-21-13,2025,11,19,Wednesday,21,13,18,3552656,00:59:13,197369.78,00:03:17
2025-11-19-Wednesday-22-14,2025,11,19,Wednesday,22,14,18,3434898,00:57:15,190827.67,00:03:11
2025-11-19-Wednesday-23-15,2025,11,19,Wednesday,23,15,19,3680889,01:01:21,193731,00:03:14
2025-11-20-Thursday-0-16,2025,11,20,Thursday,0,16,14,2770493,00:46:10,197892.36,00:03:18
2025-11-20-Thursday-15-7,2025,11,20,Thursday,15,7,12,2520419,00:42:00,210034.92,00:03:30
2025-11-20-Thursday-16-8,2025,11,20,Thursday,16,8,18,3656264,01:00:56,203125.78,00:03:23
2025-11-20-Thursday-17-9,2025,11,20,Thursday,17,9,19,3640973,01:00:41,191630.16,00:03:12
2025-11-20-Thursday-18-10,2025,11,20,Thursday,18,10,18,3521500,00:58:42,195638.89,00:03:16
2025-11-20-Thursday-19-11,2025,11,20,Thursday,19,11,19,3608991,01:00:09,189946.89,00:03:10
2025-11-20-Thursday-20-12,2025,11,20,Thursday,20,12,18,3631921,01:00:32,201773.39,00:03:22
2025-11-20-Thursday-21-13,2025,11,20,Thursday,21,13,17,3412185,00:56:52,200716.76,00:03:21
2025-11-20-Thursday-22-14,2025,11,20,Thursday,22,14,19,3707708,01:01:48,195142.53,00:03:15
2025-11-20-Thursday-23-15,2025,11,20,Thursday,23,15,18,3603887,01:00:04,200215.94,00:03:20
2025-11-21-Friday-0-16,2025,11,21,Friday,0,16,18,2900402,00:48:20,161133.44,00:02:41
2025-11-21-Friday-5-21,2025,11,21,Friday,5,21,10,1705860,00:28:26,170586,00:02:51
2025-11-21-Friday-13-5,2025,11,21,Friday,13,5,4,706000,00:11:46,176500,00:02:57
2025-11-21-Friday-14-6,2025,11,21,Friday,14,6,1,1878,00:00:02,1878,00:00:02
2025-11-21-Friday-16-8,2025,11,21,Friday,16,8,13,2235133,00:37:15,171933.31,00:02:52
2025-11-21-Friday-17-9,2025,11,21,Friday,17,9,19,3490839,00:58:11,183728.37,00:03:04
2025-11-21-Friday-18-10,2025,11,21,Friday,18,10,25,3406385,00:56:46,136255.4,00:02:16
2025-11-21-Friday-19-11,2025,11,21,Friday,19,11,18,3323077,00:55:23,184615.39,00:03:05
2025-11-21-Friday-20-12,2025,11,21,Friday,20,12,20,3070343,00:51:10,153517.15,00:02:34
2025-11-21-Friday-21-13,2025,11,21,Friday,21,13,19,3544583,00:59:05,186557,00:03:07
2025-11-21-Friday-22-14,2025,11,21,Friday,22,14,20,3621103,01:00:21,181055.15,00:03:01
2025-11-21-Friday-23-15,2025,11,21,Friday,23,15,21,3677193,01:01:17,175104.43,00:02:55
2025-11-22-Saturday-0-16,2025,11,22,Saturday,0,16,9,1358931,00:22:39,150992.33,00:02:31
2025-11-22-Saturday-1-17,2025,11,22,Saturday,1,17,20,3412000,00:56:52,170600,00:02:51
2025-11-22-Saturday-2-18,2025,11,22,Saturday,2,18,11,1744664,00:29:05,158605.82,00:02:39
2025-11-22-Saturday-15-7,2025,11,22,Saturday,15,7,12,2082133,00:34:42,173511.08,00:02:54
2025-11-22-Saturday-16-8,2025,11,22,Saturday,16,8,7,1251270,00:20:51,178752.86,00:02:59
2025-11-24-Monday-16-8,2025,11,24,Monday,16,8,16,2597162,00:43:17,162322.63,00:02:42
2025-11-24-Monday-17-9,2025,11,24,Monday,17,9,2,236647,00:03:57,118323.5,00:01:58
2025-11-24-Monday-18-10,2025,11,24,Monday,18,10,12,1729077,00:28:49,144089.75,00:02:24
2025-11-24-Monday-19-11,2025,11,24,Monday,19,11,17,2915463,00:48:35,171497.82,00:02:51
2025-11-24-Monday-20-12,2025,11,24,Monday,20,12,19,3605192,01:00:05,189746.95,00:03:10
2025-11-24-Monday-21-13,2025,11,24,Monday,21,13,20,3625294,01:00:25,181264.7,00:03:01
2025-11-24-Monday-22-14,2025,11,24,Monday,22,14,20,3651037,01:00:51,182551.85,00:03:03
2025-11-24-Monday-23-15,2025,11,24,Monday,23,15,11,1954456,00:32:34,177677.82,00:02:58
2025-11-25-Tuesday-15-7,2025,11,25,Tuesday,15,7,17,2775284,00:46:15,163252,00:02:43
2025-11-25-Tuesday-16-8,2025,11,25,Tuesday,16,8,20,3659785,01:01:00,182989.25,00:03:03
2025-11-25-Tuesday-17-9,2025,11,25,Tuesday,17,9,19,3487802,00:58:08,183568.53,00:03:04
2025-11-25-Tuesday-18-10,2025,11,25,Tuesday,18,10,20,3625294,01:00:25,181264.7,00:03:01
2025-11-25-Tuesday-19-11,2025,11,25,Tuesday,19,11,20,3651037,01:00:51,182551.85,00:03:03
2025-11-25-Tuesday-20-12,2025,11,25,Tuesday,20,12,21,3601285,01:00:01,171489.76,00:02:51
2025-11-25-Tuesday-21-13,2025,11,25,Tuesday,21,13,19,3521903,00:58:42,185363.32,00:03:05
2025-11-25-Tuesday-22-14,2025,11,25,Tuesday,22,14,20,3656759,01:00:57,182837.95,00:03:03
2025-11-25-Tuesday-23-15,2025,11,25,Tuesday,23,15,21,3653231,01:00:53,173963.38,00:02:54
2025-11-26-Wednesday-0-16,2025,11,26,Wednesday,0,16,4,651192,00:10:51,162798,00:02:43
2025-11-26-Wednesday-15-7,2025,11,26,Wednesday,15,7,9,1229571,00:20:30,136619,00:02:17
2025-11-26-Wednesday-16-8,2025,11,26,Wednesday,16,8,20,3612578,01:00:13,180628.9,00:03:01
2025-11-26-Wednesday-17-9,2025,11,26,Wednesday,17,9,20,3612370,01:00:12,180618.5,00:03:01
2025-11-26-Wednesday-18-10,2025,11,26,Wednesday,18,10,20,3553297,00:59:13,177664.85,00:02:58
2025-11-26-Wednesday-19-11,2025,11,26,Wednesday,19,11,17,3039356,00:50:39,178785.65,00:02:59
2025-11-26-Wednesday-20-12,2025,11,26,Wednesday,20,12,14,2096659,00:34:57,149761.36,00:02:30
2025-11-26-Wednesday-21-13,2025,11,26,Wednesday,21,13,22,3551365,00:59:11,161425.68,00:02:41
2025-11-26-Wednesday-22-14,2025,11,26,Wednesday,22,14,9,1131963,00:18:52,125773.67,00:02:06
2025-11-26-Wednesday-23-15,2025,11,26,Wednesday,23,15,5,755284,00:12:35,151056.8,00:02:31
2025-11-27-Thursday-0-16,2025,11,27,Thursday,0,16,6,775500,00:12:56,129250,00:02:09
2025-11-27-Thursday-17-9,2025,11,27,Thursday,17,9,8,1040382,00:17:20,130047.75,00:02:10
2025-11-27-Thursday-18-10,2025,11,27,Thursday,18,10,17,2969656,00:49:30,174685.65,00:02:55
2025-11-27-Thursday-19-11,2025,11,27,Thursday,19,11,20,3352977,00:55:53,167648.85,00:02:48
2025-11-27-Thursday-20-12,2025,11,27,Thursday,20,12,21,3535178,00:58:55,168341.81,00:02:48
2025-11-27-Thursday-21-13,2025,11,27,Thursday,21,13,22,3389107,00:56:29,154050.32,00:02:34
2025-11-28-Friday-20-12,2025,11,28,Friday,20,12,15,2104993,00:35:05,140332.87,00:02:20
2025-11-28-Friday-21-13,2025,11,28,Friday,21,13,2,329507,00:05:30,164753.5,00:02:45
2025-11-30-Sunday-13-5,2025,11,30,Sunday,13,5,3,346272,00:05:46,115424,00:01:55
2025-11-30-Sunday-19-11,2025,11,30,Sunday,19,11,7,546991,00:09:07,78141.57,00:01:18
2025-11-30-Sunday-20-12,2025,11,30,Sunday,20,12,6,997304,00:16:37,166217.33,00:02:46
2025-12-1-Monday-16-8,2025,12,1,Monday,16,8,4,706000,00:11:46,176500,00:02:57
2025-12-1-Monday-17-9,2025,12,1,Monday,17,9,22,3634492,01:00:34,165204.18,00:02:45
2025-12-1-Monday-18-10,2025,12,1,Monday,18,10,20,3528042,00:58:48,176402.1,00:02:56
2025-12-1-Monday-19-11,2025,12,1,Monday,19,11,22,3651716,01:00:52,165987.09,00:02:46
2025-12-1-Monday-20-12,2025,12,1,Monday,20,12,20,3507633,00:58:28,175381.65,00:02:55
2025-12-1-Monday-21-13,2025,12,1,Monday,21,13,14,2174265,00:36:14,155304.64,00:02:35
2025-12-2-Tuesday-15-7,2025,12,2,Tuesday,15,7,16,2415509,00:40:16,150969.31,00:02:31
2025-12-2-Tuesday-16-8,2025,12,2,Tuesday,16,8,18,3359711,00:56:00,186650.61,00:03:07
2025-12-2-Tuesday-17-9,2025,12,2,Tuesday,17,9,19,3544494,00:59:04,186552.32,00:03:07
2025-12-2-Tuesday-18-10,2025,12,2,Tuesday,18,10,19,3739324,01:02:19,196806.53,00:03:17
2025-12-2-Tuesday-19-11,2025,12,2,Tuesday,19,11,18,3511988,00:58:32,195110.44,00:03:15
2025-12-2-Tuesday-20-12,2025,12,2,Tuesday,20,12,19,3598441,00:59:58,189391.63,00:03:09
2025-12-2-Tuesday-21-13,2025,12,2,Tuesday,21,13,16,3549590,00:59:10,221849.38,00:03:42
2025-12-2-Tuesday-22-14,2025,12,2,Tuesday,22,14,13,2561065,00:42:41,197005,00:03:17
2025-12-2-Tuesday-23-15,2025,12,2,Tuesday,23,15,9,1585677,00:26:26,176186.33,00:02:56
2025-12-3-Wednesday-18-10,2025,12,3,Wednesday,18,10,8,1494502,00:24:55,186812.75,00:03:07
2025-12-3-Wednesday-19-11,2025,12,3,Wednesday,19,11,19,3640973,01:00:41,191630.16,00:03:12
2025-12-3-Wednesday-20-12,2025,12,3,Wednesday,20,12,18,3521500,00:58:42,195638.89,00:03:16
2025-12-3-Wednesday-21-13,2025,12,3,Wednesday,21,13,19,3608991,01:00:09,189946.89,00:03:10
2025-12-3-Wednesday-22-14,2025,12,3,Wednesday,22,14,18,3631921,01:00:32,201773.39,00:03:22
2025-12-3-Wednesday-23-15,2025,12,3,Wednesday,23,15,3,498366,00:08:18,166122,00:02:46
2025-12-4-Thursday-18-10,2025,12,4,Thursday,18,10,16,2696057,00:44:56,168503.56,00:02:49
2025-12-4-Thursday-19-11,2025,12,4,Thursday,19,11,20,3656187,01:00:56,182809.35,00:03:03
2025-12-4-Thursday-20-12,2025,12,4,Thursday,20,12,21,3494995,00:58:15,166428.33,00:02:46
2025-12-4-Thursday-21-13,2025,12,4,Thursday,21,13,21,3665493,01:01:05,174547.29,00:02:55
2025-12-4-Thursday-22-14,2025,12,4,Thursday,22,14,12,2215140,00:36:55,184595,00:03:05
2025-12-5-Friday-1-17,2025,12,5,Friday,1,17,9,1206237,00:20:06,134026.33,00:02:14
2025-12-5-Friday-15-7,2025,12,5,Friday,15,7,11,1728983,00:28:49,157180.27,00:02:37
2025-12-5-Friday-16-8,2025,12,5,Friday,16,8,20,3465834,00:57:46,173291.7,00:02:53
2025-12-5-Friday-17-9,2025,12,5,Friday,17,9,17,2840808,00:47:21,167106.35,00:02:47
2025-12-5-Friday-18-10,2025,12,5,Friday,18,10,21,3646888,01:00:47,173661.33,00:02:54
2025-12-5-Friday-19-11,2025,12,5,Friday,19,11,19,3546849,00:59:07,186676.26,00:03:07
2025-12-5-Friday-20-12,2025,12,5,Friday,20,12,19,3482879,00:58:03,183309.42,00:03:03
2025-12-6-Saturday-18-10,2025,12,6,Saturday,18,10,4,530215,00:08:50,132553.75,00:02:13
2025-12-6-Saturday-19-11,2025,12,6,Saturday,19,11,23,3537985,00:58:58,153825.43,00:02:34
2025-12-6-Saturday-20-12,2025,12,6,Saturday,20,12,18,2917086,00:48:37,162060.33,00:02:42
2025-12-6-Saturday-21-13,2025,12,6,Saturday,21,13,19,3707084,01:01:47,195109.68,00:03:15
2025-12-6-Saturday-22-14,2025,12,6,Saturday,22,14,12,2165978,00:36:06,180498.17,00:03:00
2025-12-7-Sunday-17-9,2025,12,7,Sunday,17,9,6,552882,00:09:13,92147,00:01:32
2025-12-7-Sunday-18-10,2025,12,7,Sunday,18,10,1,161620,00:02:42,161620,00:02:42
2025-12-7-Sunday-19-11,2025,12,7,Sunday,19,11,16,2352422,00:39:12,147026.38,00:02:27
2025-12-7-Sunday-21-13,2025,12,7,Sunday,21,13,1,124582,00:02:05,124582,00:02:05
2025-12-8-Monday-16-8,2025,12,8,Monday,16,8,15,2942317,00:49:02,196154.47,00:03:16
2025-12-8-Monday-17-9,2025,12,8,Monday,17,9,19,3580131,00:59:40,188427.95,00:03:08
2025-12-8-Monday-18-10,2025,12,8,Monday,18,10,18,3589534,00:59:50,199418.56,00:03:19
2025-12-8-Monday-19-11,2025,12,8,Monday,19,11,17,3523977,00:58:44,207292.76,00:03:27
2025-12-8-Monday-20-12,2025,12,8,Monday,20,12,19,3616246,01:00:16,190328.74,00:03:10
2025-12-8-Monday-21-13,2025,12,8,Monday,21,13,18,3596591,00:59:57,199810.61,00:03:20
2025-12-8-Monday-22-14,2025,12,8,Monday,22,14,3,391984,00:06:32,130661.33,00:02:11
2025-12-8-Monday-23-15,2025,12,8,Monday,23,15,13,1700220,00:28:20,130786.15,00:02:11
2025-12-9-Tuesday-15-7,2025,12,9,Tuesday,15,7,12,1954484,00:32:34,162873.67,00:02:43
2025-12-9-Tuesday-16-8,2025,12,9,Tuesday,16,8,1,182000,00:03:02,182000,00:03:02
2025-12-9-Tuesday-17-9,2025,12,9,Tuesday,17,9,5,900973,00:15:01,180194.6,00:03:00
2025-12-9-Tuesday-18-10,2025,12,9,Tuesday,18,10,20,3475760,00:57:56,173788,00:02:54
2025-12-9-Tuesday-19-11,2025,12,9,Tuesday,19,11,20,3719092,01:01:59,185954.6,00:03:06
2025-12-9-Tuesday-20-12,2025,12,9,Tuesday,20,12,20,3603201,01:00:03,180160.05,00:03:00
2025-12-9-Tuesday-21-13,2025,12,9,Tuesday,21,13,21,3514626,00:58:35,167363.14,00:02:47
2025-12-9-Tuesday-22-14,2025,12,9,Tuesday,22,14,5,829868,00:13:50,165973.6,00:02:46
2025-12-10-Wednesday-15-7,2025,12,10,Wednesday,15,7,1,145901,00:02:26,145901,00:02:26
2025-12-10-Wednesday-16-8,2025,12,10,Wednesday,16,8,19,3682065,01:01:22,193792.89,00:03:14
2025-12-10-Wednesday-17-9,2025,12,10,Wednesday,17,9,19,3570605,00:59:31,187926.58,00:03:08
2025-12-10-Wednesday-18-10,2025,12,10,Wednesday,18,10,18,3499323,00:58:19,194406.83,00:03:14
2025-12-10-Wednesday-19-11,2025,12,10,Wednesday,19,11,19,3748922,01:02:29,197311.68,00:03:17
2025-12-10-Wednesday-20-12,2025,12,10,Wednesday,20,12,19,3516515,00:58:37,185079.74,00:03:05
2025-12-10-Wednesday-21-13,2025,12,10,Wednesday,21,13,16,3509595,00:58:30,219349.69,00:03:39
2025-12-10-Wednesday-22-14,2025,12,10,Wednesday,22,14,18,3656264,01:00:56,203125.78,00:03:23
2025-12-10-Wednesday-23-15,2025,12,10,Wednesday,23,15,19,3640973,01:00:41,191630.16,00:03:12
2025-12-11-Thursday-0-16,2025,12,11,Thursday,0,16,9,1714892,00:28:35,190543.56,00:03:11
2025-12-11-Thursday-18-10,2025,12,11,Thursday,18,10,11,2057922,00:34:18,187083.82,00:03:07
2025-12-11-Thursday-19-11,2025,12,11,Thursday,19,11,19,3580131,00:59:40,188427.95,00:03:08
2025-12-11-Thursday-20-12,2025,12,11,Thursday,20,12,3,573974,00:09:34,191324.67,00:03:11
2025-12-11-Thursday-21-13,2025,12,11,Thursday,21,13,24,3640828,01:00:41,151701.17,00:02:32
2025-12-11-Thursday-22-14,2025,12,11,Thursday,22,14,20,3563987,00:59:24,178199.35,00:02:58
2025-12-11-Thursday-23-15,2025,12,11,Thursday,23,15,11,2205527,00:36:46,200502.45,00:03:21
2025-12-12-Friday-1-17,2025,12,12,Friday,1,17,8,974512,00:16:15,121814,00:02:02
2025-12-12-Friday-15-7,2025,12,12,Friday,15,7,2,178188,00:02:58,89094,00:01:29
2025-12-12-Friday-16-8,2025,12,12,Friday,16,8,21,3546704,00:59:07,168890.67,00:02:49
2025-12-12-Friday-17-9,2025,12,12,Friday,17,9,21,3608587,01:00:09,171837.48,00:02:52
2025-12-12-Friday-18-10,2025,12,12,Friday,18,10,19,3599404,00:59:59,189442.32,00:03:09
2025-12-12-Friday-19-11,2025,12,12,Friday,19,11,19,3584248,00:59:44,188644.63,00:03:09
2025-12-12-Friday-20-12,2025,12,12,Friday,20,12,18,3498829,00:58:19,194379.39,00:03:14
2025-12-12-Friday-21-13,2025,12,12,Friday,21,13,19,3664018,01:01:04,192843.05,00:03:13
2025-12-12-Friday-22-14,2025,12,12,Friday,22,14,19,3680889,01:01:21,193731,00:03:14
2025-12-12-Friday-23-15,2025,12,12,Friday,23,15,12,2314594,00:38:35,192882.83,00:03:13
2025-12-15-Monday-17-9,2025,12,15,Monday,17,9,15,3161444,00:52:41,210762.93,00:03:31
2025-12-15-Monday-18-10,2025,12,15,Monday,18,10,18,3655742,01:00:56,203096.78,00:03:23
2025-12-15-Monday-19-11,2025,12,15,Monday,19,11,18,3456375,00:57:36,192020.83,00:03:12
2025-12-15-Monday-20-12,2025,12,15,Monday,20,12,18,3521500,00:58:42,195638.89,00:03:16
2025-12-15-Monday-21-13,2025,12,15,Monday,21,13,20,3831431,01:03:51,191571.55,00:03:12
2025-12-15-Monday-22-14,2025,12,15,Monday,22,14,9,1105542,00:18:26,122838,00:02:03
2025-12-16-Tuesday-17-9,2025,12,16,Tuesday,17,9,7,1167029,00:19:27,166718.43,00:02:47
2025-12-16-Tuesday-18-10,2025,12,16,Tuesday,18,10,20,3440946,00:57:21,172047.3,00:02:52
2025-12-16-Tuesday-19-11,2025,12,16,Tuesday,19,11,19,3743749,01:02:24,197039.42,00:03:17
2025-12-16-Tuesday-20-12,2025,12,16,Tuesday,20,12,21,3546704,00:59:07,168890.67,00:02:49
2025-12-16-Tuesday-21-13,2025,12,16,Tuesday,21,13,21,3608587,01:00:09,171837.48,00:02:52
2025-12-16-Tuesday-22-14,2025,12,16,Tuesday,22,14,19,3599404,00:59:59,189442.32,00:03:09
2025-12-16-Tuesday-23-15,2025,12,16,Tuesday,23,15,19,3584248,00:59:44,188644.63,00:03:09
2025-12-17-Wednesday-0-16,2025,12,17,Wednesday,0,16,18,3498829,00:58:19,194379.39,00:03:14
2025-12-17-Wednesday-1-17,2025,12,17,Wednesday,1,17,2,275725,00:04:36,137862.5,00:02:18
2025-12-17-Wednesday-16-8,2025,12,17,Wednesday,16,8,3,544002,00:09:04,181334,00:03:01
2025-12-17-Wednesday-17-9,2025,12,17,Wednesday,17,9,18,3459962,00:57:40,192220.11,00:03:12
2025-12-17-Wednesday-18-10,2025,12,17,Wednesday,18,10,18,3401970,00:56:42,188998.33,00:03:09
2025-12-17-Wednesday-19-11,2025,12,17,Wednesday,19,11,17,3607325,01:00:07,212195.59,00:03:32
2025-12-17-Wednesday-20-12,2025,12,17,Wednesday,20,12,18,3700173,01:01:40,205565.17,00:03:26
2025-12-17-Wednesday-21-13,2025,12,17,Wednesday,21,13,18,3532224,00:58:52,196234.67,00:03:16
2025-12-17-Wednesday-22-14,2025,12,17,Wednesday,22,14,18,3595095,00:59:55,199727.5,00:03:20
2025-12-17-Wednesday-23-15,2025,12,17,Wednesday,23,15,17,3156512,00:52:37,185677.18,00:03:06
2025-12-18-Thursday-16-8,2025,12,18,Thursday,16,8,10,1725160,00:28:45,172516,00:02:53
2025-12-18-Thursday-17-9,2025,12,18,Thursday,17,9,18,3647801,01:00:48,202655.61,00:03:23
2025-12-18-Thursday-18-10,2025,12,18,Thursday,18,10,18,3609892,01:00:10,200549.56,00:03:21
2025-12-18-Thursday-19-11,2025,12,18,Thursday,19,11,18,3518383,00:58:38,195465.72,00:03:15
2025-12-18-Thursday-20-12,2025,12,18,Thursday,20,12,13,2416902,00:40:17,185915.54,00:03:06
2025-12-19-Friday-22-14,2025,12,19,Friday,22,14,5,727844,00:12:08,145568.8,00:02:26
2025-12-20-Saturday-19-11,2025,12,20,Saturday,19,11,5,661163,00:11:01,132232.6,00:02:12
2025-12-20-Saturday-20-12,2025,12,20,Saturday,20,12,1,136440,00:02:16,136440,00:02:16
2025-12-20-Saturday-21-13,2025,12,20,Saturday,21,13,7,657367,00:10:57,93909.57,00:01:34
2025-12-21-Sunday-16-8,2025,12,21,Sunday,16,8,3,370249,00:06:10,123416.33,00:02:03
2025-12-21-Sunday-17-9,2025,12,21,Sunday,17,9,3,452978,00:07:33,150992.67,00:02:31
2025-12-21-Sunday-18-10,2025,12,21,Sunday,18,10,3,372538,00:06:13,124179.33,00:02:04
2025-12-22-Monday-18-10,2025,12,22,Monday,18,10,22,3226596,00:53:47,146663.45,00:02:27
2025-12-22-Monday-19-11,2025,12,22,Monday,19,11,3,381477,00:06:21,127159,00:02:07
2025-12-23-Tuesday-21-13,2025,12,23,Tuesday,21,13,11,1426421,00:23:46,129674.64,00:02:10
2025-12-23-Tuesday-22-14,2025,12,23,Tuesday,22,14,11,1825806,00:30:26,165982.36,00:02:46
2025-12-25-Thursday-18-10,2025,12,25,Thursday,18,10,2,346000,00:05:46,173000,00:02:53
2025-12-25-Thursday-19-11,2025,12,25,Thursday,19,11,34,3679047,01:01:19,108207.26,00:01:48
2025-12-25-Thursday-20-12,2025,12,25,Thursday,20,12,11,1662648,00:27:43,151149.82,00:02:31
2025-12-26-Friday-17-9,2025,12,26,Friday,17,9,13,2111712,00:35:12,162439.38,00:02:42
2025-12-26-Friday-18-10,2025,12,26,Friday,18,10,21,3485135,00:58:05,165958.81,00:02:46
2025-12-26-Friday-19-11,2025,12,26,Friday,19,11,23,3605565,01:00:06,156763.7,00:02:37
2025-12-26-Friday-20-12,2025,12,26,Friday,20,12,20,3614865,01:00:15,180743.25,00:03:01
2025-12-26-Friday-21-13,2025,12,26,Friday,21,13,19,3474255,00:57:54,182855.53,00:03:03
2025-12-26-Friday-22-14,2025,12,26,Friday,22,14,9,1581196,00:26:21,175688.44,00:02:56
2025-12-27-Saturday-18-10,2025,12,27,Saturday,18,10,2,364855,00:06:05,182427.5,00:03:02
2025-12-27-Saturday-19-11,2025,12,27,Saturday,19,11,18,3573034,00:59:33,198501.89,00:03:19
2025-12-27-Saturday-20-12,2025,12,27,Saturday,20,12,20,3664611,01:01:05,183230.55,00:03:03
2025-12-27-Saturday-21-13,2025,12,27,Saturday,21,13,23,3556492,00:59:16,154630.09,00:02:35
2025-12-27-Saturday-22-14,2025,12,27,Saturday,22,14,23,3635179,01:00:35,158051.26,00:02:38
2025-12-27-Saturday-23-15,2025,12,27,Saturday,23,15,21,3543486,00:59:03,168737.43,00:02:49
2025-12-28-Sunday-0-16,2025,12,28,Sunday,0,16,2,270130,00:04:30,135065,00:02:15
2025-12-30-Tuesday-19-11,2025,12,30,Tuesday,19,11,4,357395,00:05:57,89348.75,00:01:29
2025-12-30-Tuesday-21-13,2025,12,30,Tuesday,21,13,11,1589601,00:26:30,144509.18,00:02:25
2026-1-2-Friday-2-18,2026,1,2,Friday,2,18,1,1423,00:00:01,1423,00:00:01
2026-1-2-Friday-16-8,2026,1,2,Friday,16,8,20,3494096,00:58:14,174704.8,00:02:55
2026-1-2-Friday-17-9,2026,1,2,Friday,17,9,19,3540678,00:59:01,186351.47,00:03:06
2026-1-2-Friday-18-10,2026,1,2,Friday,18,10,21,3664816,01:01:05,174515.05,00:02:55
2026-1-2-Friday-19-11,2026,1,2,Friday,19,11,20,3609506,01:00:10,180475.3,00:03:00
2026-1-2-Friday-20-12,2026,1,2,Friday,20,12,20,3479621,00:58:00,173981.05,00:02:54
2026-1-2-Friday-21-13,2026,1,2,Friday,21,13,19,3682065,01:01:22,193792.89,00:03:14
2026-1-2-Friday-22-14,2026,1,2,Friday,22,14,19,3570605,00:59:31,187926.58,00:03:08
2026-1-2-Friday-23-15,2026,1,2,Friday,23,15,19,3620396,01:00:20,190547.16,00:03:11
2026-1-3-Saturday-17-9,2026,1,3,Saturday,17,9,6,853957,00:14:14,142326.17,00:02:22
2026-1-3-Saturday-18-10,2026,1,3,Saturday,18,10,8,1045975,00:17:26,130746.88,00:02:11
2026-1-3-Saturday-19-11,2026,1,3,Saturday,19,11,1,152200,00:02:32,152200,00:02:32
2026-1-4-Sunday-18-10,2026,1,4,Sunday,18,10,13,1910059,00:31:50,146927.62,00:02:27
2026-1-4-Sunday-19-11,2026,1,4,Sunday,19,11,21,3649604,01:00:50,173790.67,00:02:54
2026-1-4-Sunday-20-12,2026,1,4,Sunday,20,12,10,1493883,00:24:54,149388.3,00:02:29
2026-1-5-Monday-15-7,2026,1,5,Monday,15,7,11,2044528,00:34:05,185866.18,00:03:06
2026-1-5-Monday-16-8,2026,1,5,Monday,16,8,19,3627345,01:00:27,190912.89,00:03:11
2026-1-5-Monday-17-9,2026,1,5,Monday,17,9,17,3663116,01:01:03,215477.41,00:03:35
2026-1-5-Monday-18-10,2026,1,5,Monday,18,10,17,3465995,00:57:46,203882.06,00:03:24
2026-1-5-Monday-19-11,2026,1,5,Monday,19,11,18,3532224,00:58:52,196234.67,00:03:16
2026-1-5-Monday-20-12,2026,1,5,Monday,20,12,18,3595095,00:59:55,199727.5,00:03:20
2026-1-5-Monday-21-13,2026,1,5,Monday,21,13,20,3704422,01:01:44,185221.1,00:03:05
2026-1-5-Monday-22-14,2026,1,5,Monday,22,14,10,1829995,00:30:30,182999.5,00:03:03
2026-1-5-Monday-23-15,2026,1,5,Monday,23,15,3,444958,00:07:25,148319.33,00:02:28
2026-1-6-Tuesday-15-7,2026,1,6,Tuesday,15,7,6,1186904,00:19:47,197817.33,00:03:18
2026-1-6-Tuesday-16-8,2026,1,6,Tuesday,16,8,18,3567605,00:59:28,198200.28,00:03:18
2026-1-6-Tuesday-17-9,2026,1,6,Tuesday,17,9,16,3309546,00:55:10,206846.63,00:03:27
2026-1-6-Tuesday-18-10,2026,1,6,Tuesday,18,10,20,3757761,01:02:38,187888.05,00:03:08
2026-1-6-Tuesday-19-11,2026,1,6,Tuesday,19,11,19,3562958,00:59:23,187524.11,00:03:08
2026-1-6-Tuesday-20-12,2026,1,6,Tuesday,20,12,21,3643177,01:00:43,173484.62,00:02:53
2026-1-6-Tuesday-21-13,2026,1,6,Tuesday,21,13,5,805886,00:13:26,161177.2,00:02:41
2026-1-7-Wednesday-16-8,2026,1,7,Wednesday,16,8,7,1181002,00:19:41,168714.57,00:02:49
2026-1-7-Wednesday-17-9,2026,1,7,Wednesday,17,9,19,3535385,00:58:55,186072.89,00:03:06
2026-1-7-Wednesday-18-10,2026,1,7,Wednesday,18,10,17,2907444,00:48:27,171026.12,00:02:51
2026-1-7-Wednesday-19-11,2026,1,7,Wednesday,19,11,21,3608587,01:00:09,171837.48,00:02:52
2026-1-7-Wednesday-20-12,2026,1,7,Wednesday,20,12,19,3599404,00:59:59,189442.32,00:03:09
2026-1-7-Wednesday-21-13,2026,1,7,Wednesday,21,13,8,1487956,00:24:48,185994.5,00:03:06
2026-1-8-Thursday-15-7,2026,1,8,Thursday,15,7,3,444136,00:07:24,148045.33,00:02:28
2026-1-8-Thursday-16-8,2026,1,8,Thursday,16,8,19,3570605,00:59:31,187926.58,00:03:08
2026-1-8-Thursday-17-9,2026,1,8,Thursday,17,9,18,3499323,00:58:19,194406.83,00:03:14
2026-1-8-Thursday-18-10,2026,1,8,Thursday,18,10,19,3748922,01:02:29,197311.68,00:03:17
2026-1-8-Thursday-19-11,2026,1,8,Thursday,19,11,15,2736352,00:45:36,182423.47,00:03:02
2026-1-9-Friday-15-7,2026,1,9,Friday,15,7,4,720169,00:12:00,180042.25,00:03:00
2026-1-9-Friday-16-8,2026,1,9,Friday,16,8,16,3511440,00:58:31,219465,00:03:39
2026-1-9-Friday-17-9,2026,1,9,Friday,17,9,3,607319,00:10:07,202439.67,00:03:22
2026-1-9-Friday-18-10,2026,1,9,Friday,18,10,14,2836465,00:47:16,202604.64,00:03:23
2026-1-9-Friday-19-11,2026,1,9,Friday,19,11,19,3650028,01:00:50,192106.74,00:03:12
2026-1-9-Friday-20-12,2026,1,9,Friday,20,12,18,3512307,00:58:32,195128.17,00:03:15
2026-1-9-Friday-21-13,2026,1,9,Friday,21,13,2,416314,00:06:56,208157,00:03:28
2026-1-10-Saturday-18-10,2026,1,10,Saturday,18,10,2,286699,00:04:47,143349.5,00:02:23
2026-1-11-Sunday-17-9,2026,1,11,Sunday,17,9,13,1760869,00:29:21,135451.46,00:02:15
2026-1-11-Sunday-18-10,2026,1,11,Sunday,18,10,1,125360,00:02:05,125360,00:02:05
2026-1-11-Sunday-19-11,2026,1,11,Sunday,19,11,1,181887,00:03:02,181887,00:03:02
2026-1-11-Sunday-20-12,2026,1,11,Sunday,20,12,3,515857,00:08:36,171952.33,00:02:52
2026-1-12-Monday-17-9,2026,1,12,Monday,17,9,14,1921653,00:32:02,137260.93,00:02:17
2026-1-12-Monday-18-10,2026,1,12,Monday,18,10,21,3641438,01:00:41,173401.81,00:02:53
2026-1-12-Monday-19-11,2026,1,12,Monday,19,11,19,3497604,00:58:18,184084.42,00:03:04
2026-1-12-Monday-20-12,2026,1,12,Monday,20,12,20,3568395,00:59:28,178419.75,00:02:58
2026-1-12-Monday-21-13,2026,1,12,Monday,21,13,2,320084,00:05:20,160042,00:02:40
2026-1-13-Tuesday-15-7,2026,1,13,Tuesday,15,7,9,1404549,00:23:25,156061,00:02:36
2026-1-13-Tuesday-16-8,2026,1,13,Tuesday,16,8,21,3645583,01:00:46,173599.19,00:02:54
2026-1-13-Tuesday-17-9,2026,1,13,Tuesday,17,9,19,3573088,00:59:33,188057.26,00:03:08
2026-1-13-Tuesday-18-10,2026,1,13,Tuesday,18,10,19,3625002,01:00:25,190789.58,00:03:11
2026-1-13-Tuesday-19-11,2026,1,13,Tuesday,19,11,2,294388,00:04:54,147194,00:02:27
2026-1-14-Wednesday-16-8,2026,1,14,Wednesday,16,8,13,2378788,00:39:39,182983.69,00:03:03
2026-1-14-Wednesday-21-13,2026,1,14,Wednesday,21,13,22,3331541,00:55:32,151433.68,00:02:31
2026-1-14-Wednesday-22-14,2026,1,14,Wednesday,22,14,19,2695428,00:44:55,141864.63,00:02:22
2026-1-15-Thursday-22-14,2026,1,15,Thursday,22,14,4,625548,00:10:26,156387,00:02:36
2026-1-15-Thursday-23-15,2026,1,15,Thursday,23,15,21,3629733,01:00:30,172844.43,00:02:53
2026-1-16-Friday-0-16,2026,1,16,Friday,0,16,5,842765,00:14:03,168553,00:02:49
2026-1-16-Friday-16-8,2026,1,16,Friday,16,8,17,3122809,00:52:03,183694.65,00:03:04
2026-1-16-Friday-17-9,2026,1,16,Friday,17,9,15,2873681,00:47:54,191578.73,00:03:12
2026-1-16-Friday-20-12,2026,1,16,Friday,20,12,3,353378,00:05:53,117792.67,00:01:58
2026-1-16-Friday-21-13,2026,1,16,Friday,21,13,12,1517557,00:25:18,126463.08,00:02:06
2026-1-17-Saturday-21-13,2026,1,17,Saturday,21,13,8,1416831,00:23:37,177103.88,00:02:57
2026-1-17-Saturday-22-14,2026,1,17,Saturday,22,14,7,1275573,00:21:16,182224.71,00:03:02
2026-1-19-Monday-5-21,2026,1,19,Monday,5,21,8,1354343,00:22:34,169292.88,00:02:49
2026-1-19-Monday-6-22,2026,1,19,Monday,6,22,11,2045391,00:34:05,185944.64,00:03:06
2026-1-19-Monday-16-8,2026,1,19,Monday,16,8,4,675410,00:11:15,168852.5,00:02:49
2026-1-19-Monday-17-9,2026,1,19,Monday,17,9,3,495743,00:08:16,165247.67,00:02:45
2026-1-20-Tuesday-17-9,2026,1,20,Tuesday,17,9,10,1467770,00:24:28,146777,00:02:27
2026-1-20-Tuesday-18-10,2026,1,20,Tuesday,18,10,20,3273256,00:54:33,163662.8,00:02:44
2026-1-20-Tuesday-19-11,2026,1,20,Tuesday,19,11,19,3550038,00:59:10,186844.11,00:03:07
2026-1-20-Tuesday-20-12,2026,1,20,Tuesday,20,12,21,3660069,01:01:00,174289,00:02:54
2026-1-20-Tuesday-21-13,2026,1,20,Tuesday,21,13,16,2879006,00:47:59,179937.88,00:03:00
2026-1-21-Wednesday-16-8,2026,1,21,Wednesday,16,8,10,1102115,00:18:22,110211.5,00:01:50
2026-1-21-Wednesday-17-9,2026,1,21,Wednesday,17,9,20,3740600,01:02:21,187030,00:03:07
2026-1-21-Wednesday-18-10,2026,1,21,Wednesday,18,10,19,3607375,01:00:07,189861.84,00:03:10
2026-1-21-Wednesday-19-11,2026,1,21,Wednesday,19,11,18,3460115,00:57:40,192228.61,00:03:12
2026-1-21-Wednesday-20-12,2026,1,21,Wednesday,20,12,19,3698652,01:01:39,194665.89,00:03:15
2026-1-21-Wednesday-21-13,2026,1,21,Wednesday,21,13,8,1403878,00:23:24,175484.75,00:02:55
2026-1-22-Thursday-16-8,2026,1,22,Thursday,16,8,7,1308130,00:21:48,186875.71,00:03:07
2026-1-22-Thursday-17-9,2026,1,22,Thursday,17,9,18,3546399,00:59:06,197022.17,00:03:17
2026-1-22-Thursday-18-10,2026,1,22,Thursday,18,10,18,3629334,01:00:29,201629.67,00:03:22
2026-1-22-Thursday-19-11,2026,1,22,Thursday,19,11,17,3488315,00:58:08,205195,00:03:25
2026-1-22-Thursday-20-12,2026,1,22,Thursday,20,12,19,3624297,01:00:24,190752.47,00:03:11
2026-1-22-Thursday-21-13,2026,1,22,Thursday,21,13,4,688077,00:11:28,172019.25,00:02:52
2026-1-23-Friday-16-8,2026,1,23,Friday,16,8,2,279983,00:04:40,139991.5,00:02:20
2026-1-23-Friday-17-9,2026,1,23,Friday,17,9,18,3560388,00:59:20,197799.33,00:03:18
2026-1-23-Friday-18-10,2026,1,23,Friday,18,10,19,3658025,01:00:58,192527.63,00:03:13
2026-1-23-Friday-19-11,2026,1,23,Friday,19,11,18,3551409,00:59:11,197300.5,00:03:17
2026-1-23-Friday-20-12,2026,1,23,Friday,20,12,19,3768385,01:02:48,198336.05,00:03:18
2026-1-25-Sunday-5-21,2026,1,25,Sunday,5,21,4,483632,00:08:04,120908,00:02:01
2026-1-26-Monday-16-8,2026,1,26,Monday,16,8,11,2018820,00:33:39,183529.09,00:03:04
2026-1-26-Monday-17-9,2026,1,26,Monday,17,9,18,3576835,00:59:37,198713.06,00:03:19
2026-1-26-Monday-18-10,2026,1,26,Monday,18,10,21,3654717,01:00:55,174034.14,00:02:54
2026-1-26-Monday-19-11,2026,1,26,Monday,19,11,21,3659926,01:01:00,174282.19,00:02:54
2026-1-26-Monday-20-12,2026,1,26,Monday,20,12,19,3535385,00:58:55,186072.89,00:03:06
2026-1-26-Monday-21-13,2026,1,26,Monday,21,13,20,3596148,00:59:56,179807.4,00:03:00
2026-1-26-Monday-22-14,2026,1,26,Monday,22,14,20,3178708,00:52:59,158935.4,00:02:39
2026-1-27-Tuesday-15-7,2026,1,27,Tuesday,15,7,2,359789,00:06:00,179894.5,00:03:00
2026-1-27-Tuesday-18-10,2026,1,27,Tuesday,18,10,18,3495178,00:58:15,194176.56,00:03:14
2026-1-27-Tuesday-19-11,2026,1,27,Tuesday,19,11,20,3740748,01:02:21,187037.4,00:03:07
2026-1-27-Tuesday-20-12,2026,1,27,Tuesday,20,12,18,3559510,00:59:20,197750.56,00:03:18
2026-1-27-Tuesday-21-13,2026,1,27,Tuesday,21,13,10,1744389,00:29:04,174438.9,00:02:54
2026-1-28-Wednesday-15-7,2026,1,28,Wednesday,15,7,8,1520443,00:25:20,190055.38,00:03:10
2026-1-28-Wednesday-16-8,2026,1,28,Wednesday,16,8,18,3448958,00:57:29,191608.78,00:03:12
2026-1-28-Wednesday-17-9,2026,1,28,Wednesday,17,9,17,3607325,01:00:07,212195.59,00:03:32
2026-1-28-Wednesday-18-10,2026,1,28,Wednesday,18,10,18,3700173,01:01:40,205565.17,00:03:26
2026-1-28-Wednesday-19-11,2026,1,28,Wednesday,19,11,18,3532224,00:58:52,196234.67,00:03:16
2026-1-28-Wednesday-20-12,2026,1,28,Wednesday,20,12,18,3595095,00:59:55,199727.5,00:03:20
2026-1-28-Wednesday-21-13,2026,1,28,Wednesday,21,13,20,3704422,01:01:44,185221.1,00:03:05
2026-1-28-Wednesday-22-14,2026,1,28,Wednesday,22,14,5,960994,00:16:01,192198.8,00:03:12
2026-1-29-Thursday-16-8,2026,1,29,Thursday,16,8,7,1088136,00:18:08,155448,00:02:35
2026-1-29-Thursday-17-9,2026,1,29,Thursday,17,9,16,2839943,00:47:20,177496.44,00:02:57
2026-1-29-Thursday-18-10,2026,1,29,Thursday,18,10,20,3556063,00:59:16,177803.15,00:02:58
2026-1-29-Thursday-19-11,2026,1,29,Thursday,19,11,19,3123937,00:52:04,164417.74,00:02:44
2026-1-30-Friday-15-7,2026,1,30,Friday,15,7,13,2406414,00:40:06,185108.77,00:03:05
2026-1-30-Friday-16-8,2026,1,30,Friday,16,8,21,3514626,00:58:35,167363.14,00:02:47
2026-1-30-Friday-17-9,2026,1,30,Friday,17,9,18,3527051,00:58:47,195947.28,00:03:16
2026-1-30-Friday-18-10,2026,1,30,Friday,18,10,20,3736721,01:02:17,186836.05,00:03:07
2026-1-30-Friday-19-11,2026,1,30,Friday,19,11,18,3590857,00:59:51,199492.06,00:03:19
2026-1-30-Friday-20-12,2026,1,30,Friday,20,12,1,42063,00:00:42,42063,00:00:42
2026-2-2-Monday-2-18,2026,2,2,Monday,2,18,8,1402265,00:23:22,175283.13,00:02:55
2026-2-2-Monday-3-19,2026,2,2,Monday,3,19,6,1002346,00:16:42,167057.67,00:02:47
2026-2-2-Monday-15-7,2026,2,2,Monday,15,7,7,1088136,00:18:08,155448,00:02:35
2026-2-2-Monday-16-8,2026,2,2,Monday,16,8,20,3499123,00:58:19,174956.15,00:02:55
2026-2-2-Monday-17-9,2026,2,2,Monday,17,9,20,3723451,01:02:03,186172.55,00:03:06
2026-2-2-Monday-18-10,2026,2,2,Monday,18,10,21,3634056,01:00:34,173050.29,00:02:53
2026-2-2-Monday-19-11,2026,2,2,Monday,19,11,20,3576064,00:59:36,178803.2,00:02:59
2026-2-2-Monday-20-12,2026,2,2,Monday,20,12,19,3449063,00:57:29,181529.63,00:03:02
2026-2-2-Monday-21-13,2026,2,2,Monday,21,13,2,228820,00:03:49,114410,00:01:54
2026-2-3-Tuesday-17-9,2026,2,3,Tuesday,17,9,19,3575912,00:59:36,188205.89,00:03:08
2026-2-3-Tuesday-18-10,2026,2,3,Tuesday,18,10,18,3411285,00:56:51,189515.83,00:03:10
2026-2-3-Tuesday-19-11,2026,2,3,Tuesday,19,11,19,3682323,01:01:22,193806.47,00:03:14
2026-2-3-Tuesday-20-12,2026,2,3,Tuesday,20,12,19,3689762,01:01:30,194198,00:03:14
2026-2-3-Tuesday-21-13,2026,2,3,Tuesday,21,13,18,3558389,00:59:18,197688.28,00:03:18
2026-2-3-Tuesday-22-14,2026,2,3,Tuesday,22,14,16,3422896,00:57:03,213931,00:03:34
2026-2-3-Tuesday-23-15,2026,2,3,Tuesday,23,15,7,1442495,00:24:02,206070.71,00:03:26
2026-2-4-Wednesday-15-7,2026,2,4,Wednesday,15,7,3,556340,00:09:16,185446.67,00:03:05
2026-2-4-Wednesday-16-8,2026,2,4,Wednesday,16,8,19,3525341,00:58:45,185544.26,00:03:06
2026-2-4-Wednesday-17-9,2026,2,4,Wednesday,17,9,14,2642765,00:44:03,188768.93,00:03:09
2026-2-4-Wednesday-18-10,2026,2,4,Wednesday,18,10,20,3647367,01:00:47,182368.35,00:03:02
2026-2-4-Wednesday-19-11,2026,2,4,Wednesday,19,11,19,3587131,00:59:47,188796.37,00:03:09
2026-2-4-Wednesday-20-12,2026,2,4,Wednesday,20,12,18,3063691,00:51:04,170205.06,00:02:50
2026-2-4-Wednesday-21-13,2026,2,4,Wednesday,21,13,18,2794750,00:46:35,155263.89,00:02:35
2026-2-5-Thursday-16-8,2026,2,5,Thursday,16,8,21,3593446,00:59:53,171116.48,00:02:51
2026-2-5-Thursday-17-9,2026,2,5,Thursday,17,9,20,3489000,00:58:09,174450,00:02:54
2026-2-5-Thursday-18-10,2026,2,5,Thursday,18,10,20,3705345,01:01:45,185267.25,00:03:05
2026-2-5-Thursday-19-11,2026,2,5,Thursday,19,11,20,3614561,01:00:15,180728.05,00:03:01
2026-2-5-Thursday-20-12,2026,2,5,Thursday,20,12,21,3506660,00:58:27,166983.81,00:02:47
2026-2-5-Thursday-21-13,2026,2,5,Thursday,21,13,21,3650629,01:00:51,173839.48,00:02:54
2026-2-5-Thursday-22-14,2026,2,5,Thursday,22,14,24,3262710,00:54:23,135946.25,00:02:16
2026-2-5-Thursday-23-15,2026,2,5,Thursday,23,15,6,900212,00:15:00,150035.33,00:02:30
2026-2-6-Friday-15-7,2026,2,6,Friday,15,7,1,159000,00:02:39,159000,00:02:39
2026-2-6-Friday-16-8,2026,2,6,Friday,16,8,21,3606446,01:00:06,171735.52,00:02:52
2026-2-6-Friday-17-9,2026,2,6,Friday,17,9,20,3563987,00:59:24,178199.35,00:02:58
2026-2-6-Friday-18-10,2026,2,6,Friday,18,10,20,3634240,01:00:34,181712,00:03:02
2026-2-6-Friday-19-11,2026,2,6,Friday,19,11,20,3628759,01:00:29,181437.95,00:03:01
2026-2-6-Friday-20-12,2026,2,6,Friday,20,12,14,2146821,00:35:47,153344.36,00:02:33
2026-2-7-Saturday-16-8,2026,2,7,Saturday,16,8,7,1076907,00:17:57,153843.86,00:02:34
2026-2-7-Saturday-19-11,2026,2,7,Saturday,19,11,27,3371023,00:56:11,124852.7,00:02:05
2026-2-7-Saturday-20-12,2026,2,7,Saturday,20,12,1,156813,00:02:37,156813,00:02:37
2026-2-8-Sunday-0-16,2026,2,8,Sunday,0,16,19,3544854,00:59:05,186571.26,00:03:07
2026-2-8-Sunday-1-17,2026,2,8,Sunday,1,17,3,418987,00:06:59,139662.33,00:02:20
2026-2-9-Monday-5-21,2026,2,9,Monday,5,21,17,2993925,00:49:54,176113.24,00:02:56
2026-2-9-Monday-16-8,2026,2,9,Monday,16,8,7,1169778,00:19:30,167111.14,00:02:47
2026-2-9-Monday-17-9,2026,2,9,Monday,17,9,18,3545150,00:59:05,196952.78,00:03:17
2026-2-9-Monday-18-10,2026,2,9,Monday,18,10,19,3551708,00:59:12,186932,00:03:07
2026-2-9-Monday-19-11,2026,2,9,Monday,19,11,18,3590857,00:59:51,199492.06,00:03:19
2026-2-9-Monday-20-12,2026,2,9,Monday,20,12,14,2514035,00:41:54,179573.93,00:03:00
2026-2-9-Monday-21-13,2026,2,9,Monday,21,13,21,3530260,00:58:50,168107.62,00:02:48
2026-2-9-Monday-22-14,2026,2,9,Monday,22,14,20,3125899,00:52:06,156294.95,00:02:36
2026-2-9-Monday-23-15,2026,2,9,Monday,23,15,1,99847,00:01:40,99847,00:01:40
2026-2-10-Tuesday-15-7,2026,2,10,Tuesday,15,7,11,1782136,00:29:42,162012.36,00:02:42
2026-2-10-Tuesday-16-8,2026,2,10,Tuesday,16,8,21,3682230,01:01:22,175344.29,00:02:55
2026-2-10-Tuesday-17-9,2026,2,10,Tuesday,17,9,19,3639111,01:00:39,191532.16,00:03:12
2026-2-10-Tuesday-18-10,2026,2,10,Tuesday,18,10,21,3558609,00:59:19,169457.57,00:02:49
2026-2-10-Tuesday-19-11,2026,2,10,Tuesday,19,11,14,2539689,00:42:20,181406.36,00:03:01
2026-2-10-Tuesday-20-12,2026,2,10,Tuesday,20,12,6,1028601,00:17:09,171433.5,00:02:51
2026-2-10-Tuesday-21-13,2026,2,10,Tuesday,21,13,20,3451887,00:57:32,172594.35,00:02:53
2026-2-10-Tuesday-22-14,2026,2,10,Tuesday,22,14,21,3640091,01:00:40,173337.67,00:02:53
2026-2-10-Tuesday-23-15,2026,2,10,Tuesday,23,15,8,1416564,00:23:37,177070.5,00:02:57
2026-2-11-Wednesday-15-7,2026,2,11,Wednesday,15,7,7,943067,00:15:43,134723.86,00:02:15
2026-2-11-Wednesday-16-8,2026,2,11,Wednesday,16,8,19,3539787,00:59:00,186304.58,00:03:06
2026-2-11-Wednesday-17-9,2026,2,11,Wednesday,17,9,19,3650561,01:00:51,192134.79,00:03:12
2026-2-11-Wednesday-18-10,2026,2,11,Wednesday,18,10,19,3617742,01:00:18,190407.47,00:03:10
2026-2-11-Wednesday-19-11,2026,2,11,Wednesday,19,11,18,3496932,00:58:17,194274,00:03:14
2026-2-11-Wednesday-20-12,2026,2,11,Wednesday,20,12,6,1178348,00:19:38,196391.33,00:03:16
2026-2-11-Wednesday-21-13,2026,2,11,Wednesday,21,13,24,3602028,01:00:02,150084.5,00:02:30
2026-2-11-Wednesday-22-14,2026,2,11,Wednesday,22,14,21,3495867,00:58:16,166469.86,00:02:46
2026-2-11-Wednesday-23-15,2026,2,11,Wednesday,23,15,11,1743733,00:29:04,158521.18,00:02:39
2026-2-12-Thursday-15-7,2026,2,12,Thursday,15,7,3,400588,00:06:41,133529.33,00:02:14
2026-2-12-Thursday-16-8,2026,2,12,Thursday,16,8,18,3398878,00:56:39,188826.56,00:03:09
2026-2-12-Thursday-17-9,2026,2,12,Thursday,17,9,17,3729116,01:02:09,219359.76,00:03:39
2026-2-12-Thursday-18-10,2026,2,12,Thursday,18,10,19,3622292,01:00:22,190646.95,00:03:11
2026-2-12-Thursday-19-11,2026,2,12,Thursday,19,11,20,3489869,00:58:10,174493.45,00:02:54
2026-2-12-Thursday-20-12,2026,2,12,Thursday,20,12,17,3358049,00:55:58,197532.29,00:03:18
2026-2-12-Thursday-21-13,2026,2,12,Thursday,21,13,5,769927,00:12:50,153985.4,00:02:34
2026-2-12-Thursday-22-14,2026,2,12,Thursday,22,14,19,3496634,00:58:17,184033.37,00:03:04
2026-2-12-Thursday-23-15,2026,2,12,Thursday,23,15,16,2816922,00:46:57,176057.63,00:02:56
2026-2-13-Friday-16-8,2026,2,13,Friday,16,8,16,2415186,00:40:15,150949.13,00:02:31
2026-2-13-Friday-17-9,2026,2,13,Friday,17,9,20,3482724,00:58:03,174136.2,00:02:54
2026-2-13-Friday-18-10,2026,2,13,Friday,18,10,20,3740600,01:02:21,187030,00:03:07
2026-2-13-Friday-19-11,2026,2,13,Friday,19,11,18,3449748,00:57:30,191652.67,00:03:12
2026-2-13-Friday-20-12,2026,2,13,Friday,20,12,19,3617742,01:00:18,190407.47,00:03:10
2026-2-13-Friday-21-13,2026,2,13,Friday,21,13,18,3436569,00:57:17,190920.5,00:03:11
2026-2-14-Saturday-16-8,2026,2,14,Saturday,16,8,12,1321432,00:22:01,110119.33,00:01:50
2026-2-14-Saturday-17-9,2026,2,14,Saturday,17,9,22,3345164,00:55:45,152052.91,00:02:32
2026-2-14-Saturday-18-10,2026,2,14,Saturday,18,10,20,3534796,00:58:55,176739.8,00:02:57
2026-2-14-Saturday-19-11,2026,2,14,Saturday,19,11,4,699132,00:11:39,174783,00:02:55
2026-2-16-Monday-16-8,2026,2,16,Monday,16,8,18,3087539,00:51:28,171529.94,00:02:52
2026-2-16-Monday-17-9,2026,2,16,Monday,17,9,21,3631147,01:00:31,172911.76,00:02:53
2026-2-16-Monday-18-10,2026,2,16,Monday,18,10,19,3573068,00:59:33,188056.21,00:03:08
2026-2-16-Monday-19-11,2026,2,16,Monday,19,11,20,3569078,00:59:29,178453.9,00:02:58
2026-2-16-Monday-20-12,2026,2,16,Monday,20,12,22,3714352,01:01:54,168834.18,00:02:49
2026-2-16-Monday-21-13,2026,2,16,Monday,21,13,3,482998,00:08:03,160999.33,00:02:41
2026-2-17-Tuesday-15-7,2026,2,17,Tuesday,15,7,2,243374,00:04:03,121687,00:02:02
2026-2-17-Tuesday-16-8,2026,2,17,Tuesday,16,8,18,3542056,00:59:02,196780.89,00:03:17
2026-2-17-Tuesday-17-9,2026,2,17,Tuesday,17,9,19,3544494,00:59:04,186552.32,00:03:07
2026-2-17-Tuesday-18-10,2026,2,17,Tuesday,18,10,18,3568631,00:59:29,198257.28,00:03:18
2026-2-17-Tuesday-19-11,2026,2,17,Tuesday,19,11,19,3682681,01:01:23,193825.32,00:03:14
2026-2-17-Tuesday-20-12,2026,2,17,Tuesday,20,12,16,2944684,00:49:05,184042.75,00:03:04
2026-2-18-Wednesday-15-7,2026,2,18,Wednesday,15,7,5,847236,00:14:07,169447.2,00:02:49
2026-2-18-Wednesday-16-8,2026,2,18,Wednesday,16,8,16,3554854,00:59:15,222178.38,00:03:42
2026-2-18-Wednesday-17-9,2026,2,18,Wednesday,17,9,18,3644331,01:00:44,202462.83,00:03:22
2026-2-18-Wednesday-18-10,2026,2,18,Wednesday,18,10,19,3650028,01:00:50,192106.74,00:03:12
2026-2-18-Wednesday-19-11,2026,2,18,Wednesday,19,11,18,3512307,00:58:32,195128.17,00:03:15
2026-2-18-Wednesday-20-12,2026,2,18,Wednesday,20,12,10,1847251,00:30:47,184725.1,00:03:05
2026-2-19-Thursday-15-7,2026,2,19,Thursday,15,7,6,926217,00:15:26,154369.5,00:02:34
2026-2-19-Thursday-16-8,2026,2,19,Thursday,16,8,17,3479667,00:58:00,204686.29,00:03:25
2026-2-19-Thursday-17-9,2026,2,19,Thursday,17,9,18,3617800,01:00:18,200988.89,00:03:21
2026-2-19-Thursday-18-10,2026,2,19,Thursday,18,10,18,3558462,00:59:18,197692.33,00:03:18
2026-2-19-Thursday-19-11,2026,2,19,Thursday,19,11,19,3735568,01:02:16,196608.84,00:03:17
2026-2-19-Thursday-20-12,2026,2,19,Thursday,20,12,7,1259471,00:20:59,179924.43,00:03:00
2026-2-20-Friday-16-8,2026,2,20,Friday,16,8,17,2869509,00:47:50,168794.65,00:02:49
2026-2-20-Friday-17-9,2026,2,20,Friday,17,9,21,3585947,00:59:46,170759.38,00:02:51
2026-2-20-Friday-18-10,2026,2,20,Friday,18,10,18,3503788,00:58:24,194654.89,00:03:15
2026-2-20-Friday-19-11,2026,2,20,Friday,19,11,21,3661385,01:01:01,174351.67,00:02:54
2026-2-20-Friday-20-12,2026,2,20,Friday,20,12,19,3042451,00:50:42,160129,00:02:40
2026-2-21-Saturday-21-13,2026,2,21,Saturday,21,13,2,343931,00:05:44,171965.5,00:02:52
2026-2-21-Saturday-22-14,2026,2,21,Saturday,22,14,21,3706316,01:01:46,176491.24,00:02:56
2026-2-21-Saturday-23-15,2026,2,21,Saturday,23,15,21,3602182,01:00:02,171532.48,00:02:52
2026-2-22-Sunday-0-16,2026,2,22,Sunday,0,16,18,3439552,00:57:20,191086.22,00:03:11
2026-2-22-Sunday-1-17,2026,2,22,Sunday,1,17,9,1472482,00:24:32,163609.11,00:02:44
2026-2-23-Monday-16-8,2026,2,23,Monday,16,8,14,2500283,00:41:40,178591.64,00:02:59
2026-2-23-Monday-17-9,2026,2,23,Monday,17,9,21,3653027,01:00:53,173953.67,00:02:54
2026-2-23-Monday-18-10,2026,2,23,Monday,18,10,19,3541825,00:59:02,186411.84,00:03:06
2026-2-23-Monday-19-11,2026,2,23,Monday,19,11,20,3603201,01:00:03,180160.05,00:03:00
2026-2-23-Monday-20-12,2026,2,23,Monday,20,12,22,3681540,01:01:22,167342.73,00:02:47
2026-2-23-Monday-21-13,2026,2,23,Monday,21,13,18,3545150,00:59:05,196952.78,00:03:17
2026-2-23-Monday-22-14,2026,2,23,Monday,22,14,17,3066255,00:51:06,180367.94,00:03:00
2026-2-24-Tuesday-15-7,2026,2,24,Tuesday,15,7,3,485470,00:08:05,161823.33,00:02:42
2026-2-24-Tuesday-16-8,2026,2,24,Tuesday,16,8,18,3590857,00:59:51,199492.06,00:03:19
2026-2-24-Tuesday-17-9,2026,2,24,Tuesday,17,9,19,3617988,01:00:18,190420.42,00:03:10
2026-2-24-Tuesday-18-10,2026,2,24,Tuesday,18,10,19,3629785,01:00:30,191041.32,00:03:11
2026-2-24-Tuesday-19-11,2026,2,24,Tuesday,19,11,17,3707552,01:01:48,218091.29,00:03:38
2026-2-24-Tuesday-20-12,2026,2,24,Tuesday,20,12,16,3210089,00:53:30,200630.56,00:03:21
2026-2-25-Wednesday-15-7,2026,2,25,Wednesday,15,7,11,2066632,00:34:27,187875.64,00:03:08
2026-2-25-Wednesday-16-8,2026,2,25,Wednesday,16,8,19,3578556,00:59:39,188345.05,00:03:08
2026-2-25-Wednesday-17-9,2026,2,25,Wednesday,17,9,18,3578120,00:59:38,198784.44,00:03:19
2026-2-25-Wednesday-18-10,2026,2,25,Wednesday,18,10,19,3641284,01:00:41,191646.53,00:03:12
2026-2-25-Wednesday-19-11,2026,2,25,Wednesday,19,11,17,3227117,00:53:47,189830.41,00:03:10
2026-2-26-Thursday-16-8,2026,2,26,Thursday,16,8,16,2710446,00:45:10,169402.88,00:02:49
2026-2-26-Thursday-17-9,2026,2,26,Thursday,17,9,20,3462973,00:57:43,173148.65,00:02:53
2026-2-26-Thursday-18-10,2026,2,26,Thursday,18,10,19,3695215,01:01:35,194485,00:03:14
2026-2-26-Thursday-19-11,2026,2,26,Thursday,19,11,21,3610758,01:00:11,171940.86,00:02:52
2026-2-26-Thursday-20-12,2026,2,26,Thursday,20,12,21,3578091,00:59:38,170385.29,00:02:50
2026-2-26-Thursday-21-13,2026,2,26,Thursday,21,13,19,3607620,01:00:08,189874.74,00:03:10
2026-2-26-Thursday-22-14,2026,2,26,Thursday,22,14,3,522359,00:08:42,174119.67,00:02:54
2026-2-27-Friday-15-7,2026,2,27,Friday,15,7,2,266720,00:04:27,133360,00:02:13
2026-2-27-Friday-16-8,2026,2,27,Friday,16,8,20,3740561,01:02:21,187028.05,00:03:07
2026-2-27-Friday-17-9,2026,2,27,Friday,17,9,18,3591924,00:59:52,199551.33,00:03:20
2026-2-27-Friday-18-10,2026,2,27,Friday,18,10,19,3636641,01:00:37,191402.16,00:03:11
2026-2-27-Friday-19-11,2026,2,27,Friday,19,11,18,3421212,00:57:01,190067.33,00:03:10
2026-2-27-Friday-20-12,2026,2,27,Friday,20,12,18,3708396,01:01:48,206022,00:03:26
2026-2-27-Friday-21-13,2026,2,27,Friday,21,13,23,3638884,01:00:39,158212.35,00:02:38
2026-2-27-Friday-22-14,2026,2,27,Friday,22,14,21,3503458,00:58:23,166831.33,00:02:47
2026-2-27-Friday-23-15,2026,2,27,Friday,23,15,7,1253000,00:20:53,179000,00:02:59
2026-2-28-Saturday-20-12,2026,2,28,Saturday,20,12,7,1064566,00:17:45,152080.86,00:02:32
2026-2-28-Saturday-21-13,2026,2,28,Saturday,21,13,7,1073447,00:17:53,153349.57,00:02:33
2026-3-1-Sunday-16-8,2026,3,1,Sunday,16,8,7,880892,00:14:41,125841.71,00:02:06
2026-3-1-Sunday-18-10,2026,3,1,Sunday,18,10,6,918319,00:15:18,153053.17,00:02:33
2026-3-2-Monday-16-8,2026,3,2,Monday,16,8,18,2966755,00:49:27,164819.72,00:02:45
2026-3-2-Monday-17-9,2026,3,2,Monday,17,9,19,3607620,01:00:08,189874.74,00:03:10
2026-3-2-Monday-18-10,2026,3,2,Monday,18,10,19,3562274,00:59:22,187488.11,00:03:07
2026-3-2-Monday-19-11,2026,3,2,Monday,19,11,18,3552656,00:59:13,197369.78,00:03:17
2026-3-2-Monday-20-12,2026,3,2,Monday,20,12,12,2128086,00:35:28,177340.5,00:02:57
2026-3-3-Tuesday-15-7,2026,3,3,Tuesday,15,7,8,1535361,00:25:35,191920.13,00:03:12
2026-3-3-Tuesday-16-8,2026,3,3,Tuesday,16,8,19,3640923,01:00:41,191627.53,00:03:12
2026-3-3-Tuesday-17-9,2026,3,3,Tuesday,17,9,17,3607325,01:00:07,212195.59,00:03:32
2026-3-3-Tuesday-18-10,2026,3,3,Tuesday,18,10,17,3490666,00:58:11,205333.29,00:03:25
2026-3-3-Tuesday-19-11,2026,3,3,Tuesday,19,11,18,3605598,01:00:06,200311,00:03:20
2026-3-3-Tuesday-20-12,2026,3,3,Tuesday,20,12,18,3491575,00:58:12,193976.39,00:03:14
2026-3-3-Tuesday-21-13,2026,3,3,Tuesday,21,13,20,3758235,01:02:38,187911.75,00:03:08
2026-3-3-Tuesday-22-14,2026,3,3,Tuesday,22,14,3,405730,00:06:46,135243.33,00:02:15
2026-3-4-Wednesday-2-18,2026,3,4,Wednesday,2,18,7,785827,00:13:06,112261,00:01:52
2026-3-4-Wednesday-15-7,2026,3,4,Wednesday,15,7,4,754689,00:12:35,188672.25,00:03:09
2026-3-4-Wednesday-16-8,2026,3,4,Wednesday,16,8,17,3449894,00:57:30,202934.94,00:03:23
2026-3-4-Wednesday-17-9,2026,3,4,Wednesday,17,9,19,3757532,01:02:38,197764.84,00:03:18
2026-3-4-Wednesday-18-10,2026,3,4,Wednesday,18,10,17,3447879,00:57:28,202816.41,00:03:23
2026-3-4-Wednesday-19-11,2026,3,4,Wednesday,19,11,19,3695928,01:01:36,194522.53,00:03:15
2026-3-4-Wednesday-20-12,2026,3,4,Wednesday,20,12,20,3537321,00:58:57,176866.05,00:02:57
2026-3-4-Wednesday-21-13,2026,3,4,Wednesday,21,13,21,3585947,00:59:46,170759.38,00:02:51
2026-3-4-Wednesday-22-14,2026,3,4,Wednesday,22,14,19,3633485,01:00:33,191236.05,00:03:11
2026-3-4-Wednesday-23-15,2026,3,4,Wednesday,23,15,20,3531688,00:58:52,176584.4,00:02:57
2026-3-5-Thursday-0-16,2026,3,5,Thursday,0,16,14,2287052,00:38:07,163360.86,00:02:43
2026-3-5-Thursday-15-7,2026,3,5,Thursday,15,7,9,1416070,00:23:36,157341.11,00:02:37
2026-3-5-Thursday-16-8,2026,3,5,Thursday,16,8,19,3692618,01:01:33,194348.32,00:03:14
2026-3-5-Thursday-17-9,2026,3,5,Thursday,17,9,19,3551628,00:59:12,186927.79,00:03:07
2026-3-5-Thursday-18-10,2026,3,5,Thursday,18,10,18,3535950,00:58:56,196441.67,00:03:16
2026-3-5-Thursday-19-11,2026,3,5,Thursday,19,11,19,3672642,01:01:13,193296.95,00:03:13
2026-3-5-Thursday-20-12,2026,3,5,Thursday,20,12,19,3162036,00:52:42,166422.95,00:02:46
2026-3-5-Thursday-21-13,2026,3,5,Thursday,21,13,20,3524302,00:58:44,176215.1,00:02:56
2026-3-5-Thursday-22-14,2026,3,5,Thursday,22,14,23,3553632,00:59:14,154505.74,00:02:35
2026-3-5-Thursday-23-15,2026,3,5,Thursday,23,15,3,406277,00:06:46,135425.67,00:02:15
2026-3-6-Friday-15-7,2026,3,6,Friday,15,7,3,533000,00:08:53,177666.67,00:02:58
2026-3-6-Friday-16-8,2026,3,6,Friday,16,8,21,3617204,01:00:17,172247.81,00:02:52
2026-3-6-Friday-17-9,2026,3,6,Friday,17,9,19,3617796,01:00:18,190410.32,00:03:10
2026-3-6-Friday-18-10,2026,3,6,Friday,18,10,20,3427030,00:57:07,171351.5,00:02:51
2026-3-6-Friday-19-11,2026,3,6,Friday,19,11,21,3685048,01:01:25,175478.48,00:02:55
2026-3-6-Friday-20-12,2026,3,6,Friday,20,12,19,3507639,00:58:28,184612.58,00:03:05
2026-3-6-Friday-21-13,2026,3,6,Friday,21,13,18,3257842,00:54:18,180991.22,00:03:01
2026-3-6-Friday-22-14,2026,3,6,Friday,22,14,23,3475844,00:57:56,151123.65,00:02:31
2026-3-6-Friday-23-15,2026,3,6,Friday,23,15,20,3175179,00:52:55,158758.95,00:02:39
2026-3-9-Monday-15-7,2026,3,9,Monday,15,7,10,1732870,00:28:53,173287,00:02:53
2026-3-9-Monday-16-8,2026,3,9,Monday,16,8,21,3631147,01:00:31,172911.76,00:02:53
2026-3-9-Monday-17-9,2026,3,9,Monday,17,9,19,3573068,00:59:33,188056.21,00:03:08
2026-3-9-Monday-18-10,2026,3,9,Monday,18,10,20,3569078,00:59:29,178453.9,00:02:58
2026-3-9-Monday-19-11,2026,3,9,Monday,19,11,22,3714352,01:01:54,168834.18,00:02:49
2026-3-9-Monday-20-12,2026,3,9,Monday,20,12,21,3626942,01:00:27,172711.52,00:02:53
2026-3-9-Monday-21-13,2026,3,9,Monday,21,13,7,901027,00:15:01,128718.14,00:02:09
2026-3-10-Tuesday-14-6,2026,3,10,Tuesday,14,6,3,552355,00:09:12,184118.33,00:03:04
2026-3-10-Tuesday-15-7,2026,3,10,Tuesday,15,7,19,3699525,01:01:40,194711.84,00:03:15
2026-3-10-Tuesday-16-8,2026,3,10,Tuesday,16,8,21,3504075,00:58:24,166860.71,00:02:47
2026-3-10-Tuesday-17-9,2026,3,10,Tuesday,17,9,21,3640992,01:00:41,173380.57,00:02:53
2026-3-10-Tuesday-18-10,2026,3,10,Tuesday,18,10,19,3578759,00:59:39,188355.74,00:03:08
2026-3-10-Tuesday-19-11,2026,3,10,Tuesday,19,11,19,3606735,01:00:07,189828.16,00:03:10
2026-3-10-Tuesday-20-12,2026,3,10,Tuesday,20,12,2,376848,00:06:17,188424,00:03:08
2026-3-11-Wednesday-1-17,2026,3,11,Wednesday,1,17,6,520414,00:08:40,86735.67,00:01:27
2026-3-11-Wednesday-15-7,2026,3,11,Wednesday,15,7,9,1545040,00:25:45,171671.11,00:02:52
2026-3-11-Wednesday-16-8,2026,3,11,Wednesday,16,8,18,3541084,00:59:01,196726.89,00:03:17
2026-3-11-Wednesday-17-9,2026,3,11,Wednesday,17,9,18,3511988,00:58:32,195110.44,00:03:15
2026-3-11-Wednesday-18-10,2026,3,11,Wednesday,18,10,19,3598441,00:59:58,189391.63,00:03:09
2026-3-11-Wednesday-19-11,2026,3,11,Wednesday,19,11,17,3748323,01:02:28,220489.59,00:03:40
2026-3-11-Wednesday-20-12,2026,3,11,Wednesday,20,12,16,3059340,00:50:59,191208.75,00:03:11
2026-3-12-Thursday-14-6,2026,3,12,Thursday,14,6,3,585008,00:09:45,195002.67,00:03:15
2026-3-12-Thursday-15-7,2026,3,12,Thursday,15,7,19,3650028,01:00:50,192106.74,00:03:12
2026-3-12-Thursday-16-8,2026,3,12,Thursday,16,8,19,3724925,01:02:05,196048.68,00:03:16
2026-3-12-Thursday-17-9,2026,3,12,Thursday,17,9,18,3395404,00:56:35,188633.56,00:03:09
2026-3-12-Thursday-18-10,2026,3,12,Thursday,18,10,18,3647801,01:00:48,202655.61,00:03:23
2026-3-12-Thursday-19-11,2026,3,12,Thursday,19,11,18,3609892,01:00:10,200549.56,00:03:21
2026-3-12-Thursday-20-12,2026,3,12,Thursday,20,12,19,3707708,01:01:48,195142.53,00:03:15
2026-3-12-Thursday-21-13,2026,3,12,Thursday,21,13,12,2224253,00:37:04,185354.42,00:03:05
2026-3-13-Friday-14-6,2026,3,13,Friday,14,6,1,159000,00:02:39,159000,00:02:39
2026-3-13-Friday-15-7,2026,3,13,Friday,15,7,21,3606446,01:00:06,171735.52,00:02:52
2026-3-13-Friday-16-8,2026,3,13,Friday,16,8,22,3526897,00:58:47,160313.5,00:02:40
2026-3-13-Friday-17-9,2026,3,13,Friday,17,9,21,3634986,01:00:35,173094.57,00:02:53
2026-3-13-Friday-18-10,2026,3,13,Friday,18,10,19,3667815,01:01:08,193042.89,00:03:13
2026-3-13-Friday-19-11,2026,3,13,Friday,19,11,4,498527,00:08:19,124631.75,00:02:05
2026-3-15-Sunday-17-9,2026,3,15,Sunday,17,9,1,3699,00:00:04,3699,00:00:04
2026-3-15-Sunday-19-11,2026,3,15,Sunday,19,11,2,187016,00:03:07,93508,00:01:34
2026-3-16-Monday-14-6,2026,3,16,Monday,14,6,6,928136,00:15:28,154689.33,00:02:35
2026-3-16-Monday-15-7,2026,3,16,Monday,15,7,21,3653096,01:00:53,173956.95,00:02:54
2026-3-16-Monday-16-8,2026,3,16,Monday,16,8,19,3540678,00:59:01,186351.47,00:03:06
2026-3-16-Monday-17-9,2026,3,16,Monday,17,9,21,3664816,01:01:05,174515.05,00:02:55
2026-3-16-Monday-18-10,2026,3,16,Monday,18,10,19,3417879,00:56:58,179888.37,00:03:00
2026-3-16-Monday-19-11,2026,3,16,Monday,19,11,17,2774739,00:46:15,163219.94,00:02:43
2026-3-17-Tuesday-16-8,2026,3,17,Tuesday,16,8,13,2427428,00:40:27,186725.23,00:03:07
2026-3-17-Tuesday-17-9,2026,3,17,Tuesday,17,9,19,3625002,01:00:25,190789.58,00:03:11
2026-3-17-Tuesday-18-10,2026,3,17,Tuesday,18,10,2,253838,00:04:14,126919,00:02:07
2026-3-18-Wednesday-15-7,2026,3,18,Wednesday,15,7,4,683554,00:11:24,170888.5,00:02:51
2026-3-18-Wednesday-16-8,2026,3,18,Wednesday,16,8,18,3559510,00:59:20,197750.56,00:03:18
2026-3-18-Wednesday-17-9,2026,3,18,Wednesday,17,9,17,3194240,00:53:14,187896.47,00:03:08
2026-3-19-Thursday-15-7,2026,3,19,Thursday,15,7,17,3148215,00:52:28,185189.12,00:03:05
2026-3-19-Thursday-16-8,2026,3,19,Thursday,16,8,4,626230,00:10:26,156557.5,00:02:37
2026-3-20-Friday-15-7,2026,3,20,Friday,15,7,3,505228,00:08:25,168409.33,00:02:48
2026-3-20-Friday-16-8,2026,3,20,Friday,16,8,16,3490779,00:58:11,218173.69,00:03:38
2026-3-20-Friday-17-9,2026,3,20,Friday,17,9,17,3419092,00:56:59,201123.06,00:03:21
2026-3-20-Friday-19-11,2026,3,20,Friday,19,11,15,1903712,00:31:44,126914.13,00:02:07
2026-3-21-Saturday-16-8,2026,3,21,Saturday,16,8,1,107,00:00:00,107,00:00:00
2026-3-21-Saturday-17-9,2026,3,21,Saturday,17,9,3,407389,00:06:47,135796.33,00:02:16
2026-3-22-Sunday-16-8,2026,3,22,Sunday,16,8,13,1952351,00:32:32,150180.85,00:02:30
2026-3-22-Sunday-17-9,2026,3,22,Sunday,17,9,1,320,00:00:00,320,00:00:00
2026-3-22-Sunday-18-10,2026,3,22,Sunday,18,10,12,1868203,00:31:08,155683.58,00:02:36
2026-3-23-Monday-15-7,2026,3,23,Monday,15,7,12,2289469,00:38:09,190789.08,00:03:11
2026-3-23-Monday-16-8,2026,3,23,Monday,16,8,19,3576107,00:59:36,188216.16,00:03:08
2026-3-23-Monday-17-9,2026,3,23,Monday,17,9,18,3560388,00:59:20,197799.33,00:03:18
2026-3-23-Monday-18-10,2026,3,23,Monday,18,10,19,3658025,01:00:58,192527.63,00:03:13
2026-3-23-Monday-19-11,2026,3,23,Monday,19,11,18,3551409,00:59:11,197300.5,00:03:17
2026-3-23-Monday-20-12,2026,3,23,Monday,20,12,17,3552726,00:59:13,208983.88,00:03:29
2026-3-23-Monday-21-13,2026,3,23,Monday,21,13,4,664939,00:11:05,166234.75,00:02:46
2026-3-24-Tuesday-14-6,2026,3,24,Tuesday,14,6,11,1959237,00:32:39,178112.45,00:02:58
2026-3-24-Tuesday-15-7,2026,3,24,Tuesday,15,7,18,3596591,00:59:57,199810.61,00:03:20
2026-3-24-Tuesday-16-8,2026,3,24,Tuesday,16,8,21,3587419,00:59:47,170829.48,00:02:51
2026-3-24-Tuesday-17-9,2026,3,24,Tuesday,17,9,20,3475760,00:57:56,173788,00:02:54
2026-3-24-Tuesday-18-10,2026,3,24,Tuesday,18,10,20,3719092,01:01:59,185954.6,00:03:06
2026-3-24-Tuesday-19-11,2026,3,24,Tuesday,19,11,20,3603201,01:00:03,180160.05,00:03:00
2026-3-24-Tuesday-20-12,2026,3,24,Tuesday,20,12,21,3514626,00:58:35,167363.14,00:02:47
2026-3-24-Tuesday-21-13,2026,3,24,Tuesday,21,13,17,3216212,00:53:36,189188.94,00:03:09
2026-3-25-Wednesday-14-6,2026,3,25,Wednesday,14,6,2,310855,00:05:11,155427.5,00:02:35
2026-3-25-Wednesday-15-7,2026,3,25,Wednesday,15,7,21,3920941,01:05:21,186711.48,00:03:07
2026-3-25-Wednesday-16-8,2026,3,25,Wednesday,16,8,18,3590857,00:59:51,199492.06,00:03:19
2026-3-25-Wednesday-17-9,2026,3,25,Wednesday,17,9,18,3432028,00:57:12,190668.22,00:03:11
2026-3-25-Wednesday-18-10,2026,3,25,Wednesday,18,10,19,3618385,01:00:18,190441.32,00:03:10
2026-3-25-Wednesday-19-11,2026,3,25,Wednesday,19,11,17,3688139,01:01:28,216949.35,00:03:37
2026-3-25-Wednesday-20-12,2026,3,25,Wednesday,20,12,17,3481839,00:58:02,204814.06,00:03:25
2026-3-25-Wednesday-21-13,2026,3,25,Wednesday,21,13,10,1967959,00:32:48,196795.9,00:03:17
2026-3-26-Thursday-15-7,2026,3,26,Thursday,15,7,17,2827976,00:47:08,166351.53,00:02:46
2026-3-26-Thursday-16-8,2026,3,26,Thursday,16,8,21,3526802,00:58:47,167942.95,00:02:48
2026-3-26-Thursday-17-9,2026,3,26,Thursday,17,9,21,3589253,00:59:49,170916.81,00:02:51
2026-3-26-Thursday-18-10,2026,3,26,Thursday,18,10,21,3659926,01:01:00,174282.19,00:02:54
2026-3-26-Thursday-19-11,2026,3,26,Thursday,19,11,16,3057701,00:50:58,191106.31,00:03:11
2026-3-27-Friday-14-6,2026,3,27,Friday,14,6,10,1435680,00:23:56,143568,00:02:24
2026-3-27-Friday-15-7,2026,3,27,Friday,15,7,20,3499123,00:58:19,174956.15,00:02:55
2026-3-27-Friday-16-8,2026,3,27,Friday,16,8,19,3550038,00:59:10,186844.11,00:03:07
2026-3-27-Friday-17-9,2026,3,27,Friday,17,9,21,3660069,01:01:00,174289,00:02:54
2026-3-27-Friday-18-10,2026,3,27,Friday,18,10,20,3588917,00:59:49,179445.85,00:02:59
2026-3-27-Friday-19-11,2026,3,27,Friday,19,11,18,2951196,00:49:11,163955.33,00:02:44
2026-3-30-Monday-14-6,2026,3,30,Monday,14,6,4,660224,00:11:00,165056,00:02:45
2026-3-30-Monday-15-7,2026,3,30,Monday,15,7,21,3613249,01:00:13,172059.48,00:02:52
2026-3-30-Monday-16-8,2026,3,30,Monday,16,8,20,3580747,00:59:41,179037.35,00:02:59
2026-3-30-Monday-17-9,2026,3,30,Monday,17,9,20,3627093,01:00:27,181354.65,00:03:01
2026-3-30-Monday-18-10,2026,3,30,Monday,18,10,20,3617052,01:00:17,180852.6,00:03:01
2026-3-30-Monday-19-11,2026,3,30,Monday,19,11,21,3547181,00:59:07,168913.38,00:02:49
2026-3-30-Monday-20-12,2026,3,30,Monday,20,12,18,3542056,00:59:02,196780.89,00:03:17
2026-3-30-Monday-21-13,2026,3,30,Monday,21,13,19,3383064,00:56:23,178056,00:02:58
2026-3-31-Tuesday-14-6,2026,3,31,Tuesday,14,6,8,1541445,00:25:41,192680.63,00:03:13
2026-3-31-Tuesday-15-7,2026,3,31,Tuesday,15,7,19,3681745,01:01:22,193776.05,00:03:14
2026-3-31-Tuesday-16-8,2026,3,31,Tuesday,16,8,18,3475989,00:57:56,193110.5,00:03:13
2026-3-31-Tuesday-17-9,2026,3,31,Tuesday,17,9,7,1253731,00:20:54,179104.43,00:02:59
2026-4-1-Wednesday-15-7,2026,4,1,Wednesday,15,7,21,3434373,00:57:14,163541.57,00:02:44
2026-4-1-Wednesday-16-8,2026,4,1,Wednesday,16,8,21,3631147,01:00:31,172911.76,00:02:53
2026-4-1-Wednesday-17-9,2026,4,1,Wednesday,17,9,19,3573068,00:59:33,188056.21,00:03:08
2026-4-1-Wednesday-18-10,2026,4,1,Wednesday,18,10,12,1833109,00:30:33,152759.08,00:02:33
2026-4-2-Thursday-15-7,2026,4,2,Thursday,15,7,18,3261448,00:54:21,181191.56,00:03:01
2026-4-2-Thursday-16-8,2026,4,2,Thursday,16,8,20,3583610,00:59:44,179180.5,00:02:59
2026-4-2-Thursday-17-9,2026,4,2,Thursday,17,9,19,3621558,01:00:22,190608.32,00:03:11
2026-4-2-Thursday-18-10,2026,4,2,Thursday,18,10,17,3030945,00:50:31,178290.88,00:02:58
2026-4-3-Friday-15-7,2026,4,3,Friday,15,7,17,2872446,00:47:52,168967.41,00:02:49
2026-4-3-Friday-16-8,2026,4,3,Friday,16,8,21,3644973,01:00:45,173570.14,00:02:54
2026-4-3-Friday-17-9,2026,4,3,Friday,17,9,18,3539722,00:59:00,196651.22,00:03:17
2026-4-3-Friday-18-10,2026,4,3,Friday,18,10,21,3546704,00:59:07,168890.67,00:02:49
2026-4-3-Friday-19-11,2026,4,3,Friday,19,11,21,3608587,01:00:09,171837.48,00:02:52
2026-4-3-Friday-20-12,2026,4,3,Friday,20,12,19,3599404,00:59:59,189442.32,00:03:09
2026-4-3-Friday-21-13,2026,4,3,Friday,21,13,19,3584248,00:59:44,188644.63,00:03:09
2026-4-3-Friday-22-14,2026,4,3,Friday,22,14,18,3498829,00:58:19,194379.39,00:03:14
2026-4-3-Friday-23-15,2026,4,3,Friday,23,15,17,3149026,00:52:29,185236.82,00:03:05
2026-4-6-Monday-15-7,2026,4,6,Monday,15,7,3,503000,00:08:23,167666.67,00:02:48
2026-4-6-Monday-16-8,2026,4,6,Monday,16,8,21,3606446,01:00:06,171735.52,00:02:52
2026-4-6-Monday-17-9,2026,4,6,Monday,17,9,20,3563987,00:59:24,178199.35,00:02:58
2026-4-6-Monday-18-10,2026,4,6,Monday,18,10,20,3634240,01:00:34,181712,00:03:02
2026-4-6-Monday-19-11,2026,4,6,Monday,19,11,20,3628759,01:00:29,181437.95,00:03:01
2026-4-6-Monday-20-12,2026,4,6,Monday,20,12,21,3544847,00:59:05,168802.24,00:02:49
2026-4-6-Monday-21-13,2026,4,6,Monday,21,13,19,3706323,01:01:46,195069.63,00:03:15
2026-4-6-Monday-22-14,2026,4,6,Monday,22,14,19,3544494,00:59:04,186552.32,00:03:07
2026-4-6-Monday-23-15,2026,4,6,Monday,23,15,13,2478969,00:41:19,190689.92,00:03:11
2026-4-7-Tuesday-14-6,2026,4,7,Tuesday,14,6,2,290901,00:04:51,145450.5,00:02:25
2026-4-7-Tuesday-15-7,2026,4,7,Tuesday,15,7,19,3672642,01:01:13,193296.95,00:03:13
2026-4-7-Tuesday-16-8,2026,4,7,Tuesday,16,8,19,3597051,00:59:57,189318.47,00:03:09
2026-4-7-Tuesday-17-9,2026,4,7,Tuesday,17,9,16,3498263,00:58:18,218641.44,00:03:39
2026-4-7-Tuesday-18-10,2026,4,7,Tuesday,18,10,18,3675982,01:01:16,204221.22,00:03:24
2026-4-7-Tuesday-19-11,2026,4,7,Tuesday,19,11,18,3546603,00:59:07,197033.5,00:03:17
2026-4-7-Tuesday-20-12,2026,4,7,Tuesday,20,12,18,3610382,01:00:10,200576.78,00:03:21
2026-4-7-Tuesday-21-13,2026,4,7,Tuesday,21,13,20,3599609,01:00:00,179980.45,00:03:00
2026-4-7-Tuesday-22-14,2026,4,7,Tuesday,22,14,18,3531826,00:58:52,196212.56,00:03:16
2026-4-8-Wednesday-14-6,2026,4,8,Wednesday,14,6,4,660224,00:11:00,165056,00:02:45
2026-4-8-Wednesday-15-7,2026,4,8,Wednesday,15,7,21,3613249,01:00:13,172059.48,00:02:52
2026-4-8-Wednesday-16-8,2026,4,8,Wednesday,16,8,20,3580747,00:59:41,179037.35,00:02:59
2026-4-8-Wednesday-17-9,2026,4,8,Wednesday,17,9,20,3627093,01:00:27,181354.65,00:03:01
2026-4-8-Wednesday-18-10,2026,4,8,Wednesday,18,10,20,3617052,01:00:17,180852.6,00:03:01
2026-4-8-Wednesday-19-11,2026,4,8,Wednesday,19,11,21,3547181,00:59:07,168913.38,00:02:49
2026-4-8-Wednesday-20-12,2026,4,8,Wednesday,20,12,18,3542056,00:59:02,196780.89,00:03:17
2026-4-8-Wednesday-21-13,2026,4,8,Wednesday,21,13,20,3742734,01:02:23,187136.7,00:03:07
2026-4-8-Wednesday-22-14,2026,4,8,Wednesday,22,14,13,2376599,00:39:37,182815.31,00:03:03
2026-4-9-Thursday-16-8,2026,4,9,Thursday,16,8,10,1619136,00:26:59,161913.6,00:02:42
2026-4-9-Thursday-17-9,2026,4,9,Thursday,17,9,21,3643177,01:00:43,173484.62,00:02:53
2026-4-9-Thursday-18-10,2026,4,9,Thursday,18,10,19,3587730,00:59:48,188827.89,00:03:09
2026-4-9-Thursday-19-11,2026,4,9,Thursday,19,11,21,3618123,01:00:18,172291.57,00:02:52
2026-4-9-Thursday-20-12,2026,4,9,Thursday,20,12,17,3103419,00:51:43,182554.06,00:03:03
2026-4-10-Friday-15-7,2026,4,10,Friday,15,7,11,1640867,00:27:21,149169.73,00:02:29
2026-4-10-Friday-16-8,2026,4,10,Friday,16,8,19,3599404,00:59:59,189442.32,00:03:09
2026-4-10-Friday-17-9,2026,4,10,Friday,17,9,19,3584248,00:59:44,188644.63,00:03:09
2026-4-10-Friday-18-10,2026,4,10,Friday,18,10,19,3727949,01:02:08,196207.84,00:03:16
2026-4-10-Friday-19-11,2026,4,10,Friday,19,11,18,3434898,00:57:15,190827.67,00:03:11
2026-4-10-Friday-20-12,2026,4,10,Friday,20,12,19,3680889,01:01:21,193731,00:03:14
2026-4-10-Friday-21-13,2026,4,10,Friday,21,13,17,3574445,00:59:34,210261.47,00:03:30
2026-4-10-Friday-22-14,2026,4,10,Friday,22,14,18,3712119,01:01:52,206228.83,00:03:26
2026-4-10-Friday-23-15,2026,4,10,Friday,23,15,18,3498868,00:58:19,194381.56,00:03:14
2026-4-11-Saturday-0-16,2026,4,11,Saturday,0,16,14,2522333,00:42:02,180166.64,00:03:00
2026-4-11-Saturday-18-10,2026,4,11,Saturday,18,10,15,1307698,00:21:48,87179.87,00:01:27
2026-4-11-Saturday-19-11,2026,4,11,Saturday,19,11,1,97593,00:01:38,97593,00:01:38
2026-4-13-Monday-15-7,2026,4,13,Monday,15,7,9,1432136,00:23:52,159126.22,00:02:39
2026-4-13-Monday-16-8,2026,4,13,Monday,16,8,21,3666150,01:01:06,174578.57,00:02:55
2026-4-13-Monday-17-9,2026,4,13,Monday,17,9,19,3556424,00:59:16,187180.21,00:03:07
2026-4-13-Monday-18-10,2026,4,13,Monday,18,10,21,3634056,01:00:34,173050.29,00:02:53
2026-4-13-Monday-19-11,2026,4,13,Monday,19,11,20,3576064,00:59:36,178803.2,00:02:59
2026-4-13-Monday-20-12,2026,4,13,Monday,20,12,15,2569462,00:42:49,171297.47,00:02:51
2026-4-14-Tuesday-15-7,2026,4,14,Tuesday,15,7,13,2377569,00:39:38,182889.92,00:03:03
2026-4-14-Tuesday-16-8,2026,4,14,Tuesday,16,8,19,3584248,00:59:44,188644.63,00:03:09
2026-4-14-Tuesday-17-9,2026,4,14,Tuesday,17,9,18,3498829,00:58:19,194379.39,00:03:14
2026-4-14-Tuesday-18-10,2026,4,14,Tuesday,18,10,19,3664018,01:01:04,192843.05,00:03:13
2026-4-14-Tuesday-19-11,2026,4,14,Tuesday,19,11,19,3680889,01:01:21,193731,00:03:14
2026-4-14-Tuesday-20-12,2026,4,14,Tuesday,20,12,17,3574445,00:59:34,210261.47,00:03:30
2026-4-14-Tuesday-21-13,2026,4,14,Tuesday,21,13,2,307415,00:05:07,153707.5,00:02:34
2026-4-15-Wednesday-15-7,2026,4,15,Wednesday,15,7,11,1806136,00:30:06,164194.18,00:02:44
2026-4-15-Wednesday-16-8,2026,4,15,Wednesday,16,8,21,3617204,01:00:17,172247.81,00:02:52
2026-4-15-Wednesday-17-9,2026,4,15,Wednesday,17,9,19,3617796,01:00:18,190410.32,00:03:10
2026-4-15-Wednesday-18-10,2026,4,15,Wednesday,18,10,20,3427030,00:57:07,171351.5,00:02:51
2026-4-15-Wednesday-19-11,2026,4,15,Wednesday,19,11,21,3685048,01:01:25,175478.48,00:02:55
2026-4-15-Wednesday-20-12,2026,4,15,Wednesday,20,12,20,3693159,01:01:33,184657.95,00:03:05
2026-4-15-Wednesday-21-13,2026,4,15,Wednesday,21,13,18,3475785,00:57:56,193099.17,00:03:13
2026-4-15-Wednesday-22-14,2026,4,15,Wednesday,22,14,15,2638728,00:43:59,175915.2,00:02:56
2026-4-16-Thursday-15-7,2026,4,16,Thursday,15,7,1,0,00:00:00,0,00:00:00
2026-4-16-Thursday-16-8,2026,4,16,Thursday,16,8,9,1125301,00:18:45,125033.44,00:02:05
2026-4-16-Thursday-17-9,2026,4,16,Thursday,17,9,26,3611365,01:00:11,138898.65,00:02:19
2026-4-16-Thursday-18-10,2026,4,16,Thursday,18,10,20,3677767,01:01:18,183888.35,00:03:04
2026-4-16-Thursday-19-11,2026,4,16,Thursday,19,11,19,3412441,00:56:52,179602.16,00:03:00
2026-4-16-Thursday-20-12,2026,4,16,Thursday,20,12,21,3505458,00:58:25,166926.57,00:02:47
2026-4-17-Friday-15-7,2026,4,17,Friday,15,7,16,2662707,00:44:23,166419.19,00:02:46
2026-4-17-Friday-16-8,2026,4,17,Friday,16,8,18,3517512,00:58:38,195417.33,00:03:15
2026-4-17-Friday-17-9,2026,4,17,Friday,17,9,22,3605365,01:00:05,163880.23,00:02:44
2026-4-17-Friday-18-10,2026,4,17,Friday,18,10,22,3586917,00:59:47,163041.68,00:02:43
2026-4-17-Friday-19-11,2026,4,17,Friday,19,11,20,3634240,01:00:34,181712,00:03:02
2026-4-17-Friday-20-12,2026,4,17,Friday,20,12,20,3600709,01:00:01,180035.45,00:03:00
2026-4-17-Friday-21-13,2026,4,17,Friday,21,13,17,2375469,00:39:35,139733.47,00:02:20
2026-4-17-Friday-22-14,2026,4,17,Friday,22,14,19,3650561,01:00:51,192134.79,00:03:12
2026-4-17-Friday-23-15,2026,4,17,Friday,23,15,15,2850738,00:47:31,190049.2,00:03:10
